intervention,baseline_pool,baseline_productive_accelerators,treated_productive_accelerators,delta_productive_accelerators,sea,sea_fraction_of_pool,attainable_by_scaling,best_throughput_by_scaling,naive_equivalent,baseline_ucf,treated_ucf,cost_accelerator_equivalents,regime,n_accelerators,description,recovery_pressure,within_validity_envelope
bandwidth_2x,4219.0,3170.0439237314827,3192.5542547321925,22.51033100070981,32.57213585394311,0.00772034507085639,1.0,42543.19652669684,22.51033100070979,0.7513732931337954,0.7567087591211643,,reliable_flat,4096,"Double per-accelerator scale-out bandwidth, 400 to 800 Gbps",0.01845150512019901,True
bandwidth_4x,4219.0,3170.0439237314827,3203.9297309846766,33.88580725319389,49.03229176580044,0.01162178046119944,1.0,42543.19652669684,33.88580725319444,0.7513732931337954,0.7594050085291957,,reliable_flat,4096,"Quadruple per-accelerator scale-out bandwidth, 400 to 1600 Gbps",0.01845150512019901,True
flat_fabric,4219.0,3170.0439237314827,3170.0439237314827,0.0,0.0,0.0,1.0,42543.19652669684,0.0,0.7513732931337954,0.7513732931337954,,reliable_flat,4096,"Remove cross-pod oversubscription, 1:7 to 1:1",0.01845150512019901,True
scaleup_2x,4219.0,3170.0439237314827,3170.0439237314827,0.0,0.0,0.0,1.0,42543.19652669684,0.0,0.7513732931337954,0.7513732931337954,,reliable_flat,4096,"Double the scale-up domain, 8 to 16 accelerators",0.01845150512019901,True
reliability_2x,4219.0,3170.0439237314827,3170.0439237314827,0.0,0.0,0.0,1.0,42543.19652669684,0.0,0.7513732931337954,0.7513732931337954,,reliable_flat,4096,Halve the node failure rate through hardware and firmware work,0.01845150512019901,True
fast_detection,4219.0,3170.0439237314827,3174.718125919232,4.674202187749415,6.763505550557056,0.0016031063167947514,1.0,42543.19652669684,4.674202187749155,0.7513732931337954,0.7524811865179503,,reliable_flat,4096,Cut failure detection from 120 s to 20 s with finer telemetry,0.01845150512019901,True
fast_restart,4219.0,3170.0439237314827,3181.2852142411693,11.241290509686678,16.2659910084667,0.00385541384414949,1.0,42543.19652669684,11.241290509685873,0.7513732931337954,0.7540377374356885,,reliable_flat,4096,Cut restart and reinitialization from 300 s to 60 s,0.01845150512019901,True
fast_checkpoint,4219.0,3170.0439237314827,3209.1036498424696,39.05972611098696,56.51888038717607,0.013396274090347491,1.0,42543.19652669684,39.05972611098709,0.7513732931337954,0.7606313462532519,,reliable_flat,4096,Cut blocking checkpoint write from 20 s to 5 s with faster storage,0.01845150512019901,True
add_spares,4219.0,3170.0439237314827,3170.0439237314827,0.0,0.0,0.0,1.0,42543.19652669684,0.0,0.7513732931337954,0.7513732931337954,,reliable_flat,4096,Hold 5 percent of the pool as hot spares instead of 3 percent,0.01845150512019901,True
straggler_control,4219.0,3170.0439237314827,3294.272613807935,124.2286900764525,179.75718660023176,0.042606586063103045,1.0,42543.19652669684,124.2286900764528,0.7513732931337954,0.7808183488523193,,reliable_flat,4096,Halve per-rank timing jitter through placement and tuning,0.01845150512019901,True
bandwidth_2x,16876.0,11103.826676109487,11235.722669753235,131.89599364374772,263.8535531537673,0.01563483960380228,1.0,42539.2492996385,131.89599364374965,0.6579655532181493,0.6657811489543277,,reliable_flat,16384,"Double per-accelerator scale-out bandwidth, 400 to 800 Gbps",0.048979075353549784,True
bandwidth_4x,16876.0,11103.826676109487,11302.852724761615,199.02604865212743,398.1449978598939,0.023592379584018365,1.0,42539.2492996385,199.02604865212425,0.6579655532181493,0.6697589905642104,,reliable_flat,16384,"Quadruple per-accelerator scale-out bandwidth, 400 to 1600 Gbps",0.048979075353549784,True
flat_fabric,16876.0,11103.826676109487,11103.826676109487,0.0,0.0,0.0,1.0,42539.2492996385,0.0,0.6579655532181493,0.6579655532181493,,reliable_flat,16384,"Remove cross-pod oversubscription, 1:7 to 1:1",0.048979075353549784,True
scaleup_2x,16876.0,11103.826676109487,11103.826676109487,0.0,0.0,0.0,1.0,42539.2492996385,0.0,0.6579655532181493,0.6579655532181493,,reliable_flat,16384,"Double the scale-up domain, 8 to 16 accelerators",0.048979075353549784,True
reliability_2x,16876.0,11103.826676109487,11103.826676109487,0.0,0.0,0.0,1.0,42539.2492996385,0.0,0.6579655532181493,0.6579655532181493,,reliable_flat,16384,Halve the node failure rate through hardware and firmware work,0.048979075353549784,True
fast_detection,16876.0,11103.826676109487,11168.402580012422,64.57590390293444,129.1819502791477,0.007654773067027004,1.0,42539.2492996385,64.57590390293392,0.6579655532181493,0.6617920466942653,,reliable_flat,16384,Cut failure detection from 120 s to 20 s with finer telemetry,0.048979075353549784,True
fast_restart,16876.0,11103.826676109487,11260.081053257905,156.25437714841792,312.58169006859316,0.018522261795958353,1.0,42539.2492996385,156.25437714841925,0.6579655532181493,0.6672245231842797,,reliable_flat,16384,Cut restart and reinitialization from 300 s to 60 s,0.048979075353549784,True
fast_checkpoint,16876.0,11103.826676109487,11380.866921776385,277.04024566689804,554.2098070335815,0.032840116558045834,1.0,42539.2492996385,277.0402456668976,0.6579655532181493,0.6743817801479253,,reliable_flat,16384,Cut blocking checkpoint write from 20 s to 5 s with faster storage,0.048979075353549784,True
add_spares,16876.0,11103.826676109487,11103.826676109487,0.0,0.0,0.0,1.0,42539.2492996385,0.0,0.6579655532181493,0.6579655532181493,,reliable_flat,16384,Hold 5 percent of the pool as hot spares instead of 3 percent,0.048979075353549784,True
straggler_control,16876.0,11103.826676109487,11572.36075916051,468.5340830510231,937.286866503051,0.0555396341848217,1.0,42539.2492996385,468.53408305102437,0.6579655532181493,0.6857288906826565,,reliable_flat,16384,Halve per-rank timing jitter through placement and tuning,0.048979075353549784,True
bandwidth_2x,67503.0,29641.09994360733,30395.647064821736,754.5471212144075,4515.500947702414,0.06689333729911877,1.0,42542.8513464347,754.5471212144133,0.43910789066570866,0.4502858697364819,,reliable_flat,65536,"Double per-accelerator scale-out bandwidth, 400 to 800 Gbps",0.14000366929553956,True
bandwidth_4x,67503.0,29641.09994360733,30787.5122243884,1146.4122807810709,6860.573176653415,0.10163360408653564,1.0,42542.8513464347,1146.4122807810631,0.43910789066570866,0.45609102150109476,,reliable_flat,65536,"Quadruple per-accelerator scale-out bandwidth, 400 to 1600 Gbps",0.14000366929553956,True
flat_fabric,67503.0,29641.09994360733,29641.09994360733,0.0,0.0,0.0,1.0,42542.8513464347,0.0,0.43910789066570866,0.43910789066570866,,reliable_flat,65536,"Remove cross-pod oversubscription, 1:7 to 1:1",0.14000366929553956,True
scaleup_2x,67503.0,29641.09994360733,29641.09994360733,0.0,0.0,0.0,1.0,42542.8513464347,0.0,0.43910789066570866,0.43910789066570866,,reliable_flat,65536,"Double the scale-up domain, 8 to 16 accelerators",0.14000366929553956,True
reliability_2x,67503.0,29641.09994360733,29641.09994360733,0.0,0.0,0.0,1.0,42542.8513464347,0.0,0.43910789066570866,0.43910789066570866,,reliable_flat,65536,Halve the node failure rate through hardware and firmware work,0.14000366929553956,True
fast_detection,67503.0,29641.09994360733,30294.16741688978,653.0674732824518,3908.2076011030003,0.05789679867714028,1.0,42542.8513464347,653.067473282449,0.43910789066570866,0.448782534359803,,reliable_flat,65536,Cut failure detection from 120 s to 20 s with finer telemetry,0.14000366929553956,True
fast_restart,67503.0,29641.09994360733,31258.346658348048,1617.2467147407187,9678.227996320522,0.14337478328845418,1.0,42542.8513464347,1617.2467147407178,0.43910789066570866,0.4630660364479808,,reliable_flat,65536,Cut restart and reinitialization from 300 s to 60 s,0.14000366929553956,True
fast_checkpoint,67503.0,29641.09994360733,31157.92251517098,1516.8225715636509,9077.251197206351,0.13447181898887978,1.0,42542.8513464347,1516.8225715636559,0.43910789066570866,0.46157833748383004,,reliable_flat,65536,Cut blocking checkpoint write from 20 s to 5 s with faster storage,0.14000366929553956,True
add_spares,67503.0,29641.09994360733,29641.09994360733,0.0,0.0,0.0,1.0,42542.8513464347,0.0,0.43910789066570866,0.43910789066570866,,reliable_flat,65536,Hold 5 percent of the pool as hot spares instead of 3 percent,0.14000366929553956,True
straggler_control,67503.0,29641.09994360733,30974.300138812607,1333.2001952052779,7978.3840871826105,0.11819302974953129,1.0,42542.8513464347,1333.2001952052706,0.43910789066570866,0.45885812688047356,,reliable_flat,65536,Halve per-rank timing jitter through placement and tuning,0.14000366929553956,True
bandwidth_2x,4219.0,3168.5319522315913,3191.787312825113,23.2553605935218,33.716065637372594,0.007991482729882104,1.0,41691.566261294225,23.255360593521484,0.7510149211262365,0.7565269762562487,,reliable_oversubscribed,4096,"Double per-accelerator scale-out bandwidth, 400 to 800 Gbps",0.01845150512019901,True
bandwidth_4x,4219.0,3168.5319522315913,3203.5434762218706,35.01152399027933,50.76037570664539,0.012031376085955295,1.0,41691.566261294225,35.011523990278995,0.7510149211262365,0.7593134572699385,,reliable_oversubscribed,4096,"Quadruple per-accelerator scale-out bandwidth, 400 to 1600 Gbps",0.01845150512019901,True
flat_fabric,4219.0,3168.5319522315913,3170.0439237314827,1.5119714998913878,2.1920851378399675,0.0005195745764019833,1.0,41691.566261294225,1.511971499890825,0.7510149211262365,0.7513732931337954,,reliable_oversubscribed,4096,"Remove cross-pod oversubscription, 1:7 to 1:1",0.01845150512019901,True
scaleup_2x,4219.0,3168.5319522315913,3168.5319522315913,0.0,0.0,0.0,1.0,41691.566261294225,0.0,0.7510149211262365,0.7510149211262365,,reliable_oversubscribed,4096,"Double the scale-up domain, 8 to 16 accelerators",0.01845150512019901,True
reliability_2x,4219.0,3168.5319522315913,3168.5319522315913,0.0,0.0,0.0,1.0,41691.566261294225,0.0,0.7510149211262365,0.7510149211262365,,reliable_oversubscribed,4096,Halve the node failure rate through hardware and firmware work,0.01845150512019901,True
fast_detection,4219.0,3168.5319522315913,3173.203925030518,4.6719727989266175,6.773515332568422,0.0016054788652686471,1.0,41691.566261294225,4.671972798925859,0.7510149211262365,0.7521222860939838,,reliable_oversubscribed,4096,Cut failure detection from 120 s to 20 s with finer telemetry,0.01845150512019901,True
fast_restart,4219.0,3168.5319522315913,3179.7678811402147,11.235928908623464,16.290064179246656,0.00386111973909615,1.0,41691.566261294225,11.235928908622375,0.7510149211262365,0.7536780946054076,,reliable_oversubscribed,4096,Cut restart and reinitialization from 300 s to 60 s,0.01845150512019901,True
fast_checkpoint,4219.0,3168.5319522315913,3207.5730485714794,39.0410963398881,56.60252660701917,0.0134161001675798,1.0,41691.566261294225,39.04109633988804,0.7510149211262365,0.7602685585616211,,reliable_oversubscribed,4096,Cut blocking checkpoint write from 20 s to 5 s with faster storage,0.01845150512019901,True
add_spares,4219.0,3168.5319522315913,3168.5319522315913,0.0,0.0,0.0,1.0,41691.566261294225,0.0,0.7510149211262365,0.7510149211262365,,reliable_oversubscribed,4096,Hold 5 percent of the pool as hot spares instead of 3 percent,0.01845150512019901,True
straggler_control,4219.0,3168.5319522315913,3292.701390687757,124.16943845616561,180.02322175601785,0.04266964251149984,1.0,41691.566261294225,124.16943845616484,0.7510149211262365,0.7804459328484846,,reliable_oversubscribed,4096,Halve per-rank timing jitter through placement and tuning,0.01845150512019901,True
bandwidth_2x,16876.0,11071.433940784515,11219.115305846517,147.68136506200244,297.9929591735345,0.017657795637208727,1.0,41691.30085432266,147.68136506200574,0.6560460974629364,0.6647970671869233,,reliable_oversubscribed,16384,"Double per-accelerator scale-out bandwidth, 400 to 800 Gbps",0.048979075353549784,True
bandwidth_4x,16876.0,11071.433940784515,11294.443344638645,223.00940385413014,449.9906413386525,0.026664531958915175,1.0,41691.30085432266,223.00940385412875,0.6560460974629364,0.669260686456426,,reliable_oversubscribed,16384,"Quadruple per-accelerator scale-out bandwidth, 400 to 1600 Gbps",0.048979075353549784,True
flat_fabric,16876.0,11071.433940784515,11103.826676109487,32.39273532497282,65.36239051664597,0.0038730973285521436,1.0,41691.30085432266,32.39273532497441,0.6560460974629364,0.6579655532181493,,reliable_oversubscribed,16384,"Remove cross-pod oversubscription, 1:7 to 1:1",0.048979075353549784,True
scaleup_2x,16876.0,11071.433940784515,11071.433940784515,0.0,0.0,0.0,1.0,41691.30085432266,0.0,0.6560460974629364,0.6560460974629364,,reliable_oversubscribed,16384,"Double the scale-up domain, 8 to 16 accelerators",0.048979075353549784,True
reliability_2x,16876.0,11071.433940784515,11071.433940784515,0.0,0.0,0.0,1.0,41691.30085432266,0.0,0.6560460974629364,0.6560460974629364,,reliable_oversubscribed,16384,Halve the node failure rate through hardware and firmware work,0.048979075353549784,True
fast_detection,16876.0,11071.433940784515,11135.821460067937,64.38751928342208,129.92179072189901,0.0076986128657204915,1.0,41691.30085432266,64.38751928342198,0.6560460974629364,0.6598614280675479,,reliable_oversubscribed,16384,Cut failure detection from 120 s to 20 s with finer telemetry,0.048979075353549784,True
fast_restart,16876.0,11071.433940784515,11227.232483486847,155.79854270233227,314.3718827036864,0.01862834099927035,1.0,41691.30085432266,155.79854270233344,0.6560460974629364,0.6652780566180876,,reliable_oversubscribed,16384,Cut restart and reinitialization from 300 s to 60 s,0.048979075353549784,True
fast_checkpoint,16876.0,11071.433940784515,11347.665988375737,276.232047591222,557.3838327246885,0.03302819582393272,1.0,41691.30085432266,276.2320475912234,0.6560460974629364,0.6724144340113616,,reliable_oversubscribed,16384,Cut blocking checkpoint write from 20 s to 5 s with faster storage,0.048979075353549784,True
add_spares,16876.0,11071.433940784515,11071.433940784515,0.0,0.0,0.0,1.0,41691.30085432266,0.0,0.6560460974629364,0.6560460974629364,,reliable_oversubscribed,16384,Hold 5 percent of the pool as hot spares instead of 3 percent,0.048979075353549784,True
straggler_control,16876.0,11071.433940784515,11538.60118869071,467.1672479061963,942.6548202210652,0.05585771629657888,1.0,41691.30085432266,467.16724790619554,0.6560460974629364,0.6837284420888072,,reliable_oversubscribed,16384,Halve per-rank timing jitter through placement and tuning,0.048979075353549784,True
bandwidth_2x,67503.0,29343.39264805296,30238.348665006903,894.9560169539436,5518.093756404443,0.08174590398062966,1.0,41686.49951040837,894.956016953951,0.43469760822560416,0.4479556266389183,,reliable_oversubscribed,65536,"Double per-accelerator scale-out bandwidth, 400 to 800 Gbps",0.14000366929553956,True
bandwidth_4x,67503.0,29343.39264805296,30706.61541513488,1363.2227670819193,8405.319252700487,0.12451771406753014,1.0,41686.49951040837,1363.222767081926,0.43469760822560416,0.454892603515916,,reliable_oversubscribed,65536,"Quadruple per-accelerator scale-out bandwidth, 400 to 1600 Gbps",0.14000366929553956,True
flat_fabric,67503.0,29343.39264805296,29641.09994360733,297.7072955543699,1835.5949764167744,0.02719279108212634,1.0,41686.49951040837,297.70729555436714,0.43469760822560416,0.43910789066570866,,reliable_oversubscribed,65536,"Remove cross-pod oversubscription, 1:7 to 1:1",0.14000366929553956,True
scaleup_2x,67503.0,29343.39264805296,29343.39264805296,0.0,0.0,0.0,1.0,41686.49951040837,0.0,0.43469760822560416,0.43469760822560416,,reliable_oversubscribed,65536,"Double the scale-up domain, 8 to 16 accelerators",0.14000366929553956,True
reliability_2x,67503.0,29343.39264805296,29343.39264805296,0.0,0.0,0.0,1.0,41686.49951040837,0.0,0.43469760822560416,0.43469760822560416,,reliable_oversubscribed,65536,Halve the node failure rate through hardware and firmware work,0.14000366929553956,True
fast_detection,67503.0,29343.39264805296,29989.900885961037,646.5082379080777,3986.2216728894273,0.059052511338598686,1.0,41686.49951040837,646.508237908069,0.43469760822560416,0.4442750823809466,,reliable_oversubscribed,65536,Cut failure detection from 120 s to 20 s with finer telemetry,0.14000366929553956,True
fast_restart,67503.0,29343.39264805296,30944.39616849233,1601.0035204393716,9871.420899752076,0.14623677317677847,1.0,41686.49951040837,1601.0035204393776,0.43469760822560416,0.45841512478693286,,reliable_oversubscribed,65536,Cut restart and reinitialization from 300 s to 60 s,0.14000366929553956,True
fast_checkpoint,67503.0,29343.39264805296,30844.980658602508,1501.588010549549,9258.447642943385,0.13715609147657712,1.0,41686.49951040837,1501.5880105495512,0.43469760822560416,0.45694236787405756,,reliable_oversubscribed,65536,Cut blocking checkpoint write from 20 s to 5 s with faster storage,0.14000366929553956,True
add_spares,67503.0,29343.39264805296,29343.39264805296,0.0,0.0,0.0,1.0,41686.49951040837,0.0,0.43469760822560416,0.43469760822560416,,reliable_oversubscribed,65536,Hold 5 percent of the pool as hot spares instead of 3 percent,0.14000366929553956,True
straggler_control,67503.0,29343.39264805296,30663.202536376837,1319.809888323878,8137.645388639954,0.12055235157904025,1.0,41686.49951040837,1319.8098883238722,0.43469760822560416,0.4542494783398788,,reliable_oversubscribed,65536,Halve per-rank timing jitter through placement and tuning,0.14000366929553956,True
bandwidth_2x,4219.0,3116.829539090446,3139.7054311227284,22.875892032282536,34.34803871764052,0.008141274879744139,1.0,31560.50269967004,22.87589203228259,0.7387602605097051,0.7441823728662547,,typical,4096,"Double per-accelerator scale-out bandwidth, 400 to 800 Gbps",0.029691787829571267,True
bandwidth_4x,4219.0,3116.829539090446,3151.269763720221,34.440224629775,51.71182690311525,0.012256891894552086,1.0,31560.50269967004,34.440224629774875,0.7387602605097051,0.7469233855700926,,typical,4096,"Quadruple per-accelerator scale-out bandwidth, 400 to 1600 Gbps",0.029691787829571267,True
flat_fabric,4219.0,3116.829539090446,3118.316839046441,1.4872999559952405,2.2331735261377617,0.0005293134691011524,1.0,31560.50269967004,1.4872999559949946,0.7387602605097051,0.7391127847941316,,typical,4096,"Remove cross-pod oversubscription, 1:7 to 1:1",0.029691787829571267,True
scaleup_2x,4219.0,3116.829539090446,3116.829539090446,0.0,0.0,0.0,1.0,31560.50269967004,0.0,0.7387602605097051,0.7387602605097051,,typical,4096,"Double the scale-up domain, 8 to 16 accelerators",0.029691787829571267,True
reliability_2x,4219.0,3116.829539090446,3168.5319522315913,51.70241314114537,77.63091755553705,0.018400312290954506,1.0,31560.50269967004,51.275746474479085,0.7387602605097051,0.7510149211262365,,typical,4096,Halve the node failure rate through hardware and firmware work,0.029691787829571267,True
fast_detection,4219.0,3116.829539090446,3125.9778500358248,9.148310945378853,13.736143627074853,0.003255781850456234,1.0,31560.50269967004,9.148310945378226,0.7387602605097051,0.7409286205346823,,typical,4096,Cut failure detection from 120 s to 20 s with finer telemetry,0.029691787829571267,True
fast_restart,4219.0,3116.829539090446,3138.8760787126603,22.046539622214368,33.102770176794365,0.007846117605307979,1.0,31560.50269967004,22.046539622213185,0.7387602605097051,0.7439857972772363,,typical,4096,Cut restart and reinitialization from 300 s to 60 s,0.029691787829571267,True
fast_checkpoint,4219.0,3116.829539090446,3171.419334409221,54.58979531877503,81.96630761114193,0.019427899410083414,1.0,31560.50269967004,54.589795318774605,0.7387602605097051,0.7516992970868028,,typical,4096,Cut blocking checkpoint write from 20 s to 5 s with faster storage,0.029691787829571267,True
add_spares,4219.0,3116.829539090446,3116.829539090446,0.0,0.0,0.0,1.0,31560.50269967004,0.0,0.7387602605097051,0.7387602605097051,,typical,4096,Hold 5 percent of the pool as hot spares instead of 3 percent,0.029691787829571267,True
straggler_control,4219.0,3116.829539090446,3238.9728469273373,122.14330783689138,183.39757246456975,0.04346944120990039,1.0,31560.50269967004,122.14330783689095,0.7387602605097051,0.76771103269195,,typical,4096,Halve per-rank timing jitter through placement and tuning,0.029691787829571267,True
bandwidth_2x,16876.0,10587.764968118763,10728.994694259967,141.22972614120408,317.8155619040117,0.018832398785494885,1.0,31551.905830360607,141.229726141207,0.627385930796324,0.6357546038314748,,typical,16384,"Double per-accelerator scale-out bandwidth, 400 to 800 Gbps",0.08244700679568473,True
bandwidth_4x,16876.0,10587.764968118763,10801.031936635807,213.266968517044,479.9241865486729,0.02843826656486566,1.0,31551.905830360607,213.2669685170415,0.627385930796324,0.6400232244984478,,typical,16384,"Quadruple per-accelerator scale-out bandwidth, 400 to 1600 Gbps",0.08244700679568473,True
flat_fabric,16876.0,10587.764968118763,10618.742587651124,30.977619532361132,69.7103210997011,0.0041307372066663375,1.0,31551.905830360607,30.97761953236218,0.627385930796324,0.6292215328070114,,typical,16384,"Remove cross-pod oversubscription, 1:7 to 1:1",0.08244700679568473,True
scaleup_2x,16876.0,10587.764968118763,10587.764968118763,0.0,0.0,0.0,1.0,31551.905830360607,0.0,0.627385930796324,0.627385930796324,,typical,16384,"Double the scale-up domain, 8 to 16 accelerators",0.08244700679568473,True
reliability_2x,16876.0,10587.764968118763,11071.433940784515,483.6689726657514,1088.421896177948,0.06449525338812206,1.0,31551.905830360607,481.9623059990833,0.627385930796324,0.6560460974629364,,typical,16384,Halve the node failure rate through hardware and firmware work,0.08244700679568473,True
fast_detection,16876.0,10587.764968118763,10708.664368268563,120.89940014979948,272.0653211070421,0.01612143405469555,1.0,31551.905830360607,120.89940014980016,0.627385930796324,0.634549915161683,,typical,16384,Cut failure detection from 120 s to 20 s with finer telemetry,0.08244700679568473,True
fast_restart,16876.0,10587.764968118763,10882.637447648614,294.87247952985126,663.5647135512445,0.03932002332017329,1.0,31551.905830360607,294.8724795298518,0.627385930796324,0.6448588200787281,,typical,16384,Cut restart and reinitialization from 300 s to 60 s,0.08244700679568473,True
fast_checkpoint,16876.0,10587.764968118763,10965.241754642171,377.476786523408,849.4528757685985,0.05033496538093141,1.0,31551.905830360607,377.4767865234091,0.627385930796324,0.6497536000617546,,typical,16384,Cut blocking checkpoint write from 20 s to 5 s with faster storage,0.08244700679568473,True
add_spares,16876.0,10587.764968118763,10587.764968118763,0.0,0.0,0.0,1.0,31551.905830360607,0.0,0.627385930796324,0.627385930796324,,typical,16384,Hold 5 percent of the pool as hot spares instead of 3 percent,0.08244700679568473,True
straggler_control,16876.0,10587.764968118763,11034.52345018068,446.7584820619177,1005.3605702664208,0.05957339240734895,1.0,31551.905830360607,446.7584820619159,0.627385930796324,0.6538589387402631,,typical,16384,Halve per-rank timing jitter through placement and tuning,0.08244700679568473,True
bandwidth_2x,67503.0,25798.09316603087,26584.919658175088,786.8264921442169,7755.193516768384,0.1148866497306547,1.0,31526.182861835758,786.8264921442138,0.38217698718621207,0.3938331579066869,,typical,65536,"Double per-accelerator scale-out bandwidth, 400 to 800 Gbps",0.23472265180688714,True
bandwidth_4x,67503.0,25798.09316603087,26996.609928323775,1198.5167622929039,11812.934004474955,0.17499865197805958,1.0,31526.182861835758,1198.5167622929032,0.38217698718621207,0.3999320019602651,,typical,65536,"Quadruple per-accelerator scale-out bandwidth, 400 to 1600 Gbps",0.23472265180688714,True
flat_fabric,67503.0,25798.09316603087,26059.8311538306,261.73798779973004,2579.7666529311828,0.03821706669231268,1.0,31526.182861835758,261.7379877997269,0.38217698718621207,0.38605441467535667,,typical,65536,"Remove cross-pod oversubscription, 1:7 to 1:1",0.23472265180688714,True
scaleup_2x,67503.0,25798.09316603087,25798.09316603087,0.0,0.0,0.0,1.0,31526.182861835758,0.0,0.38217698718621207,0.38217698718621207,,typical,65536,"Double the scale-up domain, 8 to 16 accelerators",0.23472265180688714,True
reliability_2x,67503.0,25798.09316603087,29343.39264805296,3545.2994820220883,34943.51528893436,0.517658700930838,1.0,31526.182861835758,3538.4728153554247,0.38217698718621207,0.43469760822560416,,typical,65536,Halve the node failure rate through hardware and firmware work,0.23472265180688714,True
fast_detection,67503.0,25798.09316603087,26860.016218916116,1061.9230528852459,10466.626196837678,0.15505423754259334,1.0,31526.182861835758,1061.923052885244,0.38217698718621207,0.3979084813847698,,typical,65536,Cut failure detection from 120 s to 20 s with finer telemetry,0.23472265180688714,True
fast_restart,67503.0,25798.09316603087,28502.56157328063,2704.4684072497585,26656.036708997854,0.39488669702084134,1.0,31526.182861835758,2704.4684072497507,0.38217698718621207,0.422241405171335,,typical,65536,Cut restart and reinitialization from 300 s to 60 s,0.23472265180688714,True
fast_checkpoint,67503.0,25798.09316603087,27705.32579320031,1907.23262716944,18798.246186253935,0.2784801591966866,1.0,31526.182861835758,1907.2326271694442,0.38217698718621207,0.41043102963128025,,typical,65536,Cut blocking checkpoint write from 20 s to 5 s with faster storage,0.23472265180688714,True
add_spares,67503.0,25798.09316603087,25798.09316603087,0.0,0.0,0.0,1.0,31526.182861835758,0.0,0.38217698718621207,0.38217698718621207,,typical,65536,Hold 5 percent of the pool as hot spares instead of 3 percent,0.23472265180688714,True
straggler_control,67503.0,25798.09316603087,26958.442239118966,1160.3490730880949,11436.742024633859,0.16942568514930978,1.0,31526.182861835758,1160.3490730880867,0.38217698718621207,0.39936657984265833,,typical,65536,Halve per-rank timing jitter through placement and tuning,0.23472265180688714,True
bandwidth_2x,4219.0,2965.3247074189444,2986.381337009745,21.05662959080064,35.32293254360047,0.008372347130504972,1.0,18023.903563003332,21.05662959080088,0.7028501321211056,0.7078410374519425,,unreliable_flat,4096,"Double per-accelerator scale-out bandwidth, 400 to 800 Gbps",0.06629447708984211,True
bandwidth_4x,4219.0,2965.3247074189444,2997.022192973168,31.697485554223476,53.17318895720837,0.012603268299883471,1.0,18023.903563003332,31.69748555422381,0.7028501321211056,0.7103631649616421,,unreliable_flat,4096,"Quadruple per-accelerator scale-out bandwidth, 400 to 1600 Gbps",0.06629447708984211,True
flat_fabric,4219.0,2965.3247074189444,2965.3247074189444,0.0,0.0,0.0,1.0,18023.903563003332,0.0,0.7028501321211056,0.7028501321211056,,unreliable_flat,4096,"Remove cross-pod oversubscription, 1:7 to 1:1",0.06629447708984211,True
scaleup_2x,4219.0,2965.3247074189444,2965.3247074189444,0.0,0.0,0.0,1.0,18023.903563003332,0.0,0.7028501321211056,0.7028501321211056,,unreliable_flat,4096,"Double the scale-up domain, 8 to 16 accelerators",0.06629447708984211,True
reliability_2x,4219.0,2965.3247074189444,3170.0439237314827,204.71921631253826,343.4207282321131,0.08139860825601164,1.0,18023.903563003332,202.5858829792059,0.7028501321211056,0.7513732931337954,,unreliable_flat,4096,Halve the node failure rate through hardware and firmware work,0.06629447708984211,True
fast_detection,4219.0,2965.3247074189444,2990.9541344493587,25.629427030414263,42.99389502116628,0.010190541602551857,1.0,18023.903563003332,25.629427030414345,0.7028501321211056,0.7089248955793692,,unreliable_flat,4096,Cut failure detection from 120 s to 20 s with finer telemetry,0.06629447708984211,True
fast_restart,4219.0,2965.3247074189444,3027.5887432702602,62.26403585131584,104.44921058160435,0.024756864323679628,1.0,18023.903563003332,62.26403585131632,0.7028501321211056,0.7176081401446457,,unreliable_flat,4096,Cut restart and reinitialization from 300 s to 60 s,0.06629447708984211,True
fast_checkpoint,4219.0,2965.3247074189444,3056.4470280895625,91.12232067061814,152.85958146268604,0.03623123523647453,1.0,18023.903563003332,91.12232067061814,0.7028501321211056,0.7244482171342883,,unreliable_flat,4096,Cut blocking checkpoint write from 20 s to 5 s with faster storage,0.06629447708984211,True
add_spares,4219.0,2965.3247074189444,2965.3247074189444,0.0,0.0,0.0,1.0,18023.903563003332,0.0,0.7028501321211056,0.7028501321211056,,unreliable_flat,4096,Hold 5 percent of the pool as hot spares instead of 3 percent,0.06629447708984211,True
straggler_control,4219.0,2965.3247074189444,3081.530795699379,116.20608828043441,194.93812149684254,0.04620481666196789,1.0,18023.903563003332,116.2060882804346,0.7028501321211056,0.7303936467644889,,unreliable_flat,4096,Halve per-rank timing jitter through placement and tuning,0.06629447708984211,True
bandwidth_2x,16876.0,9203.24437375092,9312.564439421058,109.32006567013741,352.8440519186952,0.02090803815588381,1.0,18020.399562127877,109.32006567013852,0.5453451276221214,0.5518229698637744,,unreliable_flat,16384,"Double per-accelerator scale-out bandwidth, 400 to 800 Gbps",0.19006481477807194,True
bandwidth_4x,16876.0,9203.24437375092,9368.204203899255,164.95983014833473,532.4282831020828,0.03154943606909711,1.0,18020.399562127877,164.95983014833192,0.5453451276221214,0.5551199457157653,,unreliable_flat,16384,"Quadruple per-accelerator scale-out bandwidth, 400 to 1600 Gbps",0.19006481477807194,True
flat_fabric,16876.0,9203.24437375092,9203.24437375092,0.0,0.0,0.0,1.0,18020.399562127877,0.0,0.5453451276221214,0.5453451276221214,,unreliable_flat,16384,"Remove cross-pod oversubscription, 1:7 to 1:1",0.19006481477807194,True
scaleup_2x,16876.0,9203.24437375092,9203.24437375092,0.0,0.0,0.0,1.0,18020.399562127877,0.0,0.5453451276221214,0.5453451276221214,,unreliable_flat,16384,"Double the scale-up domain, 8 to 16 accelerators",0.19006481477807194,True
reliability_2x,16876.0,9203.24437375092,11103.826676109487,1900.5823023585672,6134.364779771167,0.36349637234955956,1.0,18020.399562127877,1892.0489690252293,0.5453451276221214,0.6579655532181493,,unreliable_flat,16384,Halve the node failure rate through hardware and firmware work,0.19006481477807194,True
fast_detection,16876.0,9203.24437375092,9497.043076823578,293.7987030726581,948.2717029590349,0.05619054888356452,1.0,18020.399562127877,293.7987030726539,0.5453451276221214,0.5627543894775763,,unreliable_flat,16384,Cut failure detection from 120 s to 20 s with finer telemetry,0.19006481477807194,True
fast_restart,16876.0,9203.24437375092,9941.34918568082,738.1048119298994,2382.3246993637295,0.14116643158116435,1.0,18020.399562127877,738.1048119298978,0.5453451276221214,0.5890820802133693,,unreliable_flat,16384,Cut restart and reinitialization from 300 s to 60 s,0.19006481477807194,True
fast_checkpoint,16876.0,9203.24437375092,9786.728334742664,583.4839609917435,1883.2667522092124,0.11159437972322898,1.0,18020.399562127877,583.4839609917373,0.5453451276221214,0.579919906064391,,unreliable_flat,16384,Cut blocking checkpoint write from 20 s to 5 s with faster storage,0.19006481477807194,True
add_spares,16876.0,9203.24437375092,9203.24437375092,0.0,0.0,0.0,1.0,18020.399562127877,0.0,0.5453451276221214,0.5453451276221214,,unreliable_flat,16384,Hold 5 percent of the pool as hot spares instead of 3 percent,0.19006481477807194,True
straggler_control,16876.0,9203.24437375092,9591.58199730438,388.3376235534597,1253.4077780426196,0.07427161519569919,1.0,18020.399562127877,388.33762355346005,0.5453451276221214,0.5683563639075836,,unreliable_flat,16384,Halve per-rank timing jitter through placement and tuning,0.19006481477807194,True
bandwidth_2x,67503.0,17559.389967800762,18006.383742515343,446.9937747145814,inf,inf,0.0,17821.251320856434,446.99377471458763,0.26012754940966715,0.2667493851016302,,unreliable_flat,65536,"Double per-accelerator scale-out bandwidth, 400 to 800 Gbps",0.4771991199619554,False
bandwidth_4x,67503.0,17559.389967800762,18238.524694258584,679.1347264578217,inf,inf,0.0,17821.251320856434,679.1347264578195,0.26012754940966715,0.2701883574694248,,unreliable_flat,65536,"Quadruple per-accelerator scale-out bandwidth, 400 to 1600 Gbps",0.4771991199619554,False
flat_fabric,67503.0,17559.389967800762,17559.389967800762,0.0,0.0,0.0,1.0,17821.251320856434,0.0,0.26012754940966715,0.26012754940966715,,unreliable_flat,65536,"Remove cross-pod oversubscription, 1:7 to 1:1",0.4771991199619554,False
scaleup_2x,67503.0,17559.389967800762,17559.389967800762,0.0,0.0,0.0,1.0,17821.251320856434,0.0,0.26012754940966715,0.26012754940966715,,unreliable_flat,65536,"Double the scale-up domain, 8 to 16 accelerators",0.4771991199619554,False
reliability_2x,67503.0,17559.389967800762,29641.09994360733,12081.709975806567,inf,inf,0.0,17821.251320856434,12047.576642473232,0.26012754940966715,0.43910789066570866,,unreliable_flat,65536,Halve the node failure rate through hardware and firmware work,0.4771991199619554,False
fast_detection,67503.0,17559.389967800762,19275.640667158197,1716.2506993574352,inf,inf,0.0,17821.251320856434,1716.2506993574332,0.26012754940966715,0.28555235570505305,,unreliable_flat,65536,Cut failure detection from 120 s to 20 s with finer telemetry,0.4771991199619554,False
fast_restart,67503.0,17559.389967800762,22331.368557776335,4771.978589975573,inf,inf,0.0,17821.251320856434,4771.978589975581,0.26012754940966715,0.33082038661654056,,unreliable_flat,65536,Cut restart and reinitialization from 300 s to 60 s,0.4771991199619554,False
fast_checkpoint,67503.0,17559.389967800762,19935.522049399933,2376.132081599171,inf,inf,0.0,17821.251320856434,2376.1320815991767,0.26012754940966715,0.2953279417122192,,unreliable_flat,65536,Cut blocking checkpoint write from 20 s to 5 s with faster storage,0.4771991199619554,False
add_spares,67503.0,17559.389967800762,17559.389967800762,0.0,0.0,0.0,1.0,17821.251320856434,0.0,0.26012754940966715,0.26012754940966715,,unreliable_flat,65536,Hold 5 percent of the pool as hot spares instead of 3 percent,0.4771991199619554,False
straggler_control,67503.0,17559.389967800762,18349.177869642997,789.7879018422354,inf,inf,0.0,17821.251320856434,789.7879018422351,0.26012754940966715,0.27182759091659625,,unreliable_flat,65536,Halve per-rank timing jitter through placement and tuning,0.4771991199619554,False
bandwidth_2x,4219.0,2963.910377979539,2985.663923673863,21.753545694323748,36.566319926742835,0.008667058527315202,1.0,17803.00890117909,21.753545694323968,0.7025149035267929,0.7076709939971233,,unreliable_oversubscribed,4096,"Double per-accelerator scale-out bandwidth, 400 to 800 Gbps",0.06629447708984211,True
bandwidth_4x,4219.0,2963.910377979539,2996.660882272413,32.75050429287376,55.0515044564836,0.013048472257995639,1.0,17803.00890117909,32.750504292873686,0.7025149035267929,0.7102775260185856,,unreliable_oversubscribed,4096,"Quadruple per-accelerator scale-out bandwidth, 400 to 1600 Gbps",0.06629447708984211,True
flat_fabric,4219.0,2963.910377979539,2965.3247074189444,1.4143294394052646,2.377397390283477,0.0005634978407877405,1.0,17803.00890117909,1.414329439404938,0.7025149035267929,0.7028501321211056,,unreliable_oversubscribed,4096,"Remove cross-pod oversubscription, 1:7 to 1:1",0.06629447708984211,True
scaleup_2x,4219.0,2963.910377979539,2963.910377979539,0.0,0.0,0.0,1.0,17803.00890117909,0.0,0.7025149035267929,0.7025149035267929,,unreliable_oversubscribed,4096,"Double the scale-up domain, 8 to 16 accelerators",0.06629447708984211,True
reliability_2x,4219.0,2963.910377979539,3168.5319522315913,204.62157425205214,343.9557878588357,0.08152542968922392,1.0,17803.00890117909,202.48824091872004,0.7025149035267929,0.7510149211262365,,unreliable_oversubscribed,4096,Halve the node failure rate through hardware and firmware work,0.06629447708984211,True
fast_detection,4219.0,2963.910377979539,2989.5275809007107,25.61720292117161,43.06088077808272,0.010206418767026005,1.0,17803.00890117909,25.617202921171614,0.7025149035267929,0.7085867695901187,,unreliable_oversubscribed,4096,Cut failure detection from 120 s to 20 s with finer telemetry,0.06629447708984211,True
fast_restart,4219.0,2963.910377979539,3026.1447166247785,62.234338645239404,104.61194553331552,0.024795436248711902,1.0,17803.00890117909,62.23433864523985,0.7025149035267929,0.7172658726297176,,unreliable_oversubscribed,4096,Cut restart and reinitialization from 300 s to 60 s,0.06629447708984211,True
fast_checkpoint,4219.0,2963.910377979539,3054.989237311711,91.07885933217176,153.0977412005077,0.03628768456992361,1.0,17803.00890117909,91.07885933217241,0.7025149035267929,0.7241026872035342,,unreliable_oversubscribed,4096,Cut blocking checkpoint write from 20 s to 5 s with faster storage,0.06629447708984211,True
add_spares,4219.0,2963.910377979539,2963.910377979539,0.0,0.0,0.0,1.0,17803.00890117909,0.0,0.7025149035267929,0.7025149035267929,,unreliable_oversubscribed,4096,Hold 5 percent of the pool as hot spares instead of 3 percent,0.06629447708984211,True
straggler_control,4219.0,2963.910377979539,3080.061041067825,116.15066308828591,195.24184084150602,0.04627680512953449,1.0,17803.00890117909,116.15066308828563,0.7025149035267929,0.7300452811253437,,unreliable_oversubscribed,4096,Halve per-rank timing jitter through placement and tuning,0.06629447708984211,True
bandwidth_2x,16876.0,9176.396128742614,9298.799668689704,122.4035399470904,399.0120401931563,0.023643756825856618,1.0,17793.985956065164,122.4035399470918,0.5437542147868342,0.5510073280806888,,unreliable_oversubscribed,16384,"Double per-accelerator scale-out bandwidth, 400 to 800 Gbps",0.19006481477807194,True
bandwidth_4x,16876.0,9176.396128742614,9361.234212151277,184.8380834086638,602.5366651827499,0.03570376067686359,1.0,17793.985956065164,184.83808340866182,0.5437542147868342,0.5547069336425265,,unreliable_oversubscribed,16384,"Quadruple per-accelerator scale-out bandwidth, 400 to 1600 Gbps",0.19006481477807194,True
flat_fabric,16876.0,9176.396128742614,9203.24437375092,26.84824500830655,87.52012418105369,0.005186070406556867,1.0,17793.985956065164,26.84824500830821,0.5437542147868342,0.5453451276221214,,unreliable_oversubscribed,16384,"Remove cross-pod oversubscription, 1:7 to 1:1",0.19006481477807194,True
scaleup_2x,16876.0,9176.396128742614,9176.396128742614,0.0,0.0,0.0,1.0,17793.985956065164,0.0,0.5437542147868342,0.5437542147868342,,unreliable_oversubscribed,16384,"Double the scale-up domain, 8 to 16 accelerators",0.19006481477807194,True
reliability_2x,16876.0,9176.396128742614,11071.433940784515,1895.037812041901,6177.459442372812,0.36604997880853357,1.0,17793.985956065164,1886.504478708563,0.5437542147868342,0.6560460974629364,,unreliable_oversubscribed,16384,Halve the node failure rate through hardware and firmware work,0.19006481477807194,True
fast_detection,16876.0,9176.396128742614,9469.337744983402,292.9416162407888,954.9334276136324,0.05658529435966061,1.0,17793.985956065164,292.94161624078396,0.5437542147868342,0.5611126893211308,,unreliable_oversubscribed,16384,Cut failure detection from 120 s to 20 s with finer telemetry,0.19006481477807194,True
fast_restart,16876.0,9176.396128742614,9912.347697965079,735.951569222465,2399.060821653875,0.1421581430228653,1.0,17793.985956065164,735.9515692224643,0.5437542147868342,0.587363575371242,,unreliable_oversubscribed,16384,Cut restart and reinitialization from 300 s to 60 s,0.19006481477807194,True
fast_checkpoint,16876.0,9176.396128742614,9758.177916054408,581.7817873117947,1896.4969314028167,0.11237834388497374,1.0,17793.985956065164,581.7817873117895,0.5437542147868342,0.5782281296548003,,unreliable_oversubscribed,16384,Cut blocking checkpoint write from 20 s to 5 s with faster storage,0.19006481477807194,True
add_spares,16876.0,9176.396128742614,9176.396128742614,0.0,0.0,0.0,1.0,17793.985956065164,0.0,0.5437542147868342,0.5437542147868342,,unreliable_oversubscribed,16384,Hold 5 percent of the pool as hot spares instead of 3 percent,0.19006481477807194,True
straggler_control,16876.0,9176.396128742614,9563.60087097296,387.2047422303458,1262.2131209324361,0.07479338237333706,1.0,17793.985956065164,387.20474223034324,0.5437542147868342,0.566698321342318,,unreliable_oversubscribed,16384,Halve per-rank timing jitter through placement and tuning,0.19006481477807194,True
bandwidth_2x,67503.0,17383.02814219901,17913.200157934658,530.1720157356467,inf,inf,0.0,17573.264077323154,530.1720157356498,0.25751489774082653,0.26536894890500656,,unreliable_oversubscribed,65536,"Double per-accelerator scale-out bandwidth, 400 to 800 Gbps",0.4771991199619554,False
bandwidth_4x,67503.0,17383.02814219901,18190.601418012568,807.5732758135564,inf,inf,0.0,17573.264077323154,807.5732758135501,0.25751489774082653,0.2694784145595391,,unreliable_oversubscribed,65536,"Quadruple per-accelerator scale-out bandwidth, 400 to 1600 Gbps",0.4771991199619554,False
flat_fabric,67503.0,17383.02814219901,17559.389967800762,176.36182560175075,41067.29964245786,0.6083774001519615,1.0,17573.264077323154,176.3618256017426,0.25751489774082653,0.26012754940966715,,unreliable_oversubscribed,65536,"Remove cross-pod oversubscription, 1:7 to 1:1",0.4771991199619554,False
scaleup_2x,67503.0,17383.02814219901,17383.02814219901,0.0,0.0,0.0,1.0,17573.264077323154,0.0,0.25751489774082653,0.25751489774082653,,unreliable_oversubscribed,65536,"Double the scale-up domain, 8 to 16 accelerators",0.4771991199619554,False
reliability_2x,67503.0,17383.02814219901,29343.39264805296,11960.364505853948,inf,inf,0.0,17573.264077323154,11926.231172520607,0.25751489774082653,0.43469760822560416,,unreliable_oversubscribed,65536,Halve the node failure rate through hardware and firmware work,0.4771991199619554,False
fast_detection,67503.0,17383.02814219901,19082.04127766135,1699.0131354623372,inf,inf,0.0,17573.264077323154,1699.0131354623254,0.25751489774082653,0.2826843440685799,,unreliable_oversubscribed,65536,Cut failure detection from 120 s to 20 s with finer telemetry,0.4771991199619554,False
fast_restart,67503.0,17383.02814219901,22107.078253030166,4724.050110831155,inf,inf,0.0,17573.264077323154,4724.050110831155,0.25751489774082653,0.3274977149612634,,unreliable_oversubscribed,65536,Cut restart and reinitialization from 300 s to 60 s,0.4771991199619554,False
fast_checkpoint,67503.0,17383.02814219901,19735.294987446003,2352.2668452469916,inf,inf,0.0,17573.264077323154,2352.266845246986,0.25751489774082653,0.2923617466993467,,unreliable_oversubscribed,65536,Cut blocking checkpoint write from 20 s to 5 s with faster storage,0.4771991199619554,False
add_spares,67503.0,17383.02814219901,17383.02814219901,0.0,0.0,0.0,1.0,17573.264077323154,0.0,0.25751489774082653,0.25751489774082653,,unreliable_oversubscribed,65536,Hold 5 percent of the pool as hot spares instead of 3 percent,0.4771991199619554,False
straggler_control,67503.0,17383.02814219901,18164.883625178034,781.8554829790228,inf,inf,0.0,17573.264077323154,781.855482979015,0.25751489774082653,0.2690974271540233,,unreliable_oversubscribed,65536,Halve per-rank timing jitter through placement and tuning,0.4771991199619554,False
