oversubscription,failure_rate_per_node_day,n_pool,productive_accelerators,productive_per_pool
1.0,0.001,4219,3210.838205389789,0.7610424757975324
1.0,0.001,4351,3306.6646601599264,0.7599780878326652
1.0,0.001,4483,3402.2540650604933,0.7589235032479351
1.0,0.001,4615,3497.60801519311,0.7578782264773803
1.0,0.001,4747,3592.7280527256808,0.756841805924938
1.0,0.001,4879,3687.6156707916552,0.7558138288156703
1.0,0.001,5010,3782.2723169896963,0.7549445742494404
1.0,0.001,5142,3876.6993965348147,0.7539283151565178
1.0,0.001,5274,3970.898275103619,0.7529196577746718
1.0,0.001,5406,4064.870281411169,0.7519182910490508
1.0,0.001,5538,4158.616709550498,0.7509239273294507
1.0,0.001,5670,4252.138821122493,0.7499363000216037
1.0,0.001,5801,4345.437847179082,0.749084269467175
1.0,0.001,5933,4438.514990000585,0.7481063526041776
1.0,0.001,6065,4531.371424724726,0.7471346124855278
1.0,0.001,6197,4624.008300842826,0.7461688398971803
1.0,0.001,6329,4716.4267435768825,0.7452088392442539
1.0,0.001,6724,4992.173533077265,0.7424410370430198
1.0,0.001,7252,5357.088836801672,0.7387050243797121
1.0,0.001,7779,5718.639099233896,0.7351380767751505
1.0,0.001,8306,6076.884075366209,0.7316258217392498
1.0,0.001,8834,6431.880101349269,0.7280824203474382
1.0,0.001,9493,6871.137403784946,0.7238109558395603
1.0,0.001,10152,7305.273157281578,0.7195895544997615
1.0,0.001,10811,7734.8071581792965,0.7154571416316063
1.0,0.001,11602,8244.033726652257,0.7105700505647523
1.0,0.001,12393,8746.618722677944,0.7057708966899011
1.0,0.001,13316,9324.53284743772,0.7002502889334425
1.0,0.001,14239,9894.001826614664,0.6948522948672423
1.0,0.001,15294,10534.495001486379,0.6887992023987433
1.0,0.001,16349,11164.02228484796,0.6828565835737942
1.0,0.001,17403,11783.26588068417,0.677082450191586
1.0,0.001,18722,12542.974863167086,0.6699591316722084
1.0,0.001,20040,13286.962171950594,0.6630220644685925
1.0,0.001,21359,14016.107713235118,0.6562155397366505
1.0,0.001,22941,14871.61420069774,0.6482548363496683
1.0,0.001,24523,15706.978287896085,0.6404998690166817
1.0,0.001,26237,16589.57118631995,0.6322968017044612
1.0,0.001,28082,17515.37961758737,0.623722655707833
1.0,0.001,30060,18479.521089638354,0.614754527266745
1.0,0.001,32038,19416.21156647627,0.6060369425830661
1.0,0.001,34411,20505.704171194695,0.5959055003107929
1.0,0.001,36784,21558.67222003761,0.5860883052424317
1.0,0.001,39289,22632.508658735886,0.5760520415061693
1.0,0.001,42057,23776.50516168587,0.565340018586344
1.0,0.001,44958,24929.020662244475,0.5544957663206654
1.0,0.001,48122,26135.43828336148,0.5431078983284461
1.0,0.001,51550,27385.719419405053,0.5312457695325907
1.0,0.001,55110,28625.225604590716,0.5194198077407134
1.0,0.001,59065,29936.321644577485,0.5068369024731649
1.0,0.001,63152,31222.492798275194,0.4944022801855079
1.0,0.001,67503,32519.752498079077,0.48175269985154845
1.0,0.001,72249,33856.484815461874,0.46860835188669564
1.0,0.001,77391,35218.32213912688,0.4550699970167963
1.0,0.001,82796,36560.59591936286,0.4415744229112863
1.0,0.001,88597,37907.20262723627,0.4278610181748397
1.0,0.001,94793,39246.42218472407,0.41402236646929697
1.0,0.001,101385,40567.98843156232,0.40013797338425133
1.0,0.001,108505,41886.61225417751,0.38603393626263777
1.0,0.001,116152,43188.31817636685,0.3718258676248954
1.0,0.001,124194,44441.0518771856,0.35783573986815465
1.0,0.001,132895,45675.65391281006,0.3436973092502356
1.0,0.001,135005,45957.30465170399,0.34041187105443493
1.0,0.005,4219,3118.316839046441,0.7391127847941316
1.0,0.005,4351,3209.434812337624,0.7376315358165074
1.0,0.005,4483,3300.2263095398207,0.7361646909524472
1.0,0.005,4615,3390.6939799206843,0.7347115882818385
1.0,0.005,4747,3480.8403859670375,0.73327162122752
1.0,0.005,4879,3570.6680094954186,0.7318442323212582
1.0,0.005,5010,3660.1792571564324,0.7305747020272321
1.0,0.005,5142,3749.376465407961,0.7291669516546015
1.0,0.005,5274,3838.2619050215117,0.7277705546115874
1.0,0.005,5406,3926.8377851766545,0.7263850878980123
1.0,0.005,5538,4015.106257190706,0.7250101583948548
1.0,0.005,5670,4103.069417924773,0.7236453999867325
1.0,0.005,5801,4190.729312901077,0.7224149823997719
1.0,0.005,5933,4278.087939162786,0.721066566519937
1.0,0.005,6065,4365.147247903032,0.7197274934712335
1.0,0.005,6197,4451.909146886434,0.7183974740820452
1.0,0.005,6329,4538.375502684211,0.7170762367963677
1.0,0.005,6724,4795.81876324555,0.7132389594356856
1.0,0.005,7252,5135.282947922107,0.7081195460455195
1.0,0.005,7779,5470.234820926036,0.7032054018416295
1.0,0.005,8306,5800.77277576843,0.6983834307450554
1.0,0.005,8834,6126.9892675719,0.6935690816812203
1.0,0.005,9493,6528.815435298127,0.6877504935529472
1.0,0.005,10152,6923.971090266201,0.6820302492381994
1.0,0.005,10811,7313.012433698432,0.6764418123853881
1.0,0.005,11602,7771.740998258392,0.6698621787845537
1.0,0.005,12393,8221.831081053162,0.663425407976532
1.0,0.005,13316,8736.101688981546,0.6560605053305456
1.0,0.005,14239,9239.433076990834,0.6488821600527308
1.0,0.005,15294,9801.448353790738,0.6408688605852451
1.0,0.005,16349,10349.582481553425,0.6330407047252692
1.0,0.005,17403,10884.63847156832,0.6254460996131885
1.0,0.005,18722,11535.416046255345,0.6161422949607598
1.0,0.005,20040,12166.622258435014,0.6071168791634238
1.0,0.005,21359,12779.341011074237,0.5983117660505752
1.0,0.005,22941,13490.677603807468,0.5880597011380265
1.0,0.005,24523,14177.307629558596,0.5781228899220567
1.0,0.005,26237,14894.047420602781,0.5676734161909814
1.0,0.005,28082,15636.141013017943,0.5568029703375096
1.0,0.005,30060,16398.119605802756,0.5455129609382154
1.0,0.005,32038,17127.615452988073,0.5346031416751381
1.0,0.005,34411,17962.46545263901,0.5219977754973413
1.0,0.005,36784,18754.992110711402,0.5098682065765388
1.0,0.005,39289,19548.34957318201,0.49755273927007587
1.0,0.005,42057,20376.545943095018,0.48449832235050094
1.0,0.005,44958,21192.631640017535,0.471387331287369
1.0,0.005,48122,22026.570858856347,0.45772351229908037
1.0,0.005,51550,22868.103409015243,0.443610153424156
1.0,0.005,55110,23678.645280873465,0.4296615002880324
1.0,0.005,59065,24509.176515896856,0.41495262026406254
1.0,0.005,63152,25295.889449170572,0.40055563480444917
1.0,0.005,67503,26059.8311538306,0.38605441467535667
1.0,0.005,72249,26814.411733776433,0.3711388632891311
1.0,0.005,77391,27547.067303549567,0.3559466514652811
1.0,0.005,82796,28231.351064697203,0.34097481840544475
1.0,0.005,88597,28877.58465964557,0.3259431432175533
1.0,0.005,94793,29477.2367715799,0.31096427765320117
1.0,0.005,101385,30023.55789334696,0.2961341213527342
1.0,0.005,108505,30519.93550421717,0.2812767660865137
1.0,0.005,116152,30957.61404833752,0.26652674123852815
1.0,0.005,124194,31324.54902814722,0.25222272435179816
1.0,0.005,132895,31628.336748089274,0.23799493395605006
1.0,0.005,135005,31688.805775804296,0.2347232011836917
1.0,0.015,4219,2965.3247074189444,0.7028501321211056
1.0,0.015,4351,3048.4844093990846,0.7006399470004792
1.0,0.015,4483,3131.1622936300046,0.6984524411398627
1.0,0.015,4615,3213.363153936214,0.6962867072451168
1.0,0.015,4747,3295.0916424979473,0.6941419091000521
1.0,0.015,4879,3376.3522791361383,0.6920172738545067
1.0,0.015,5010,3457.149459703781,0.6900497923560441
1.0,0.015,5142,3537.4874636922414,0.6879594445142437
1.0,0.015,5274,3617.370461145922,0.6858874594512556
1.0,0.015,5406,3696.802518964948,0.6838332443516367
1.0,0.015,5538,3775.7876066647314,0.68179624533491
1.0,0.015,5670,3854.32960165213,0.6797759438539912
1.0,0.015,5801,3932.4322940699776,0.6778886905826543
1.0,0.015,5933,4010.0993912549698,0.675897419729474
1.0,0.015,6065,4087.3345218485783,0.6739216029428818
1.0,0.015,6197,4164.1412395955695,0.6719608261409665
1.0,0.015,6329,4240.523026860579,0.6700146985085447
1.0,0.015,6724,4466.965745624571,0.6643316099977055
1.0,0.015,7252,4763.362273768197,0.6568342903706835
1.0,0.015,7779,5053.367696984482,0.6496166212860884
1.0,0.015,8306,5337.167427748992,0.6425677134299292
1.0,0.015,8834,5614.935992358079,0.6356051610095176
1.0,0.015,9493,5953.915894029026,0.6271901289401692
1.0,0.015,10152,6283.837822429804,0.6189753568193266
1.0,0.015,10811,6605.355966764114,0.6109847346928234
1.0,0.015,11602,6980.234504896894,0.6016406227285721
1.0,0.015,12393,7343.589384108213,0.5925594597037209
1.0,0.015,13316,7753.302301432811,0.5822546035921305
1.0,0.015,14239,8148.676540377408,0.5722787092055206
1.0,0.015,15294,8583.514352970908,0.561234101802727
1.0,0.015,16349,9000.799147384674,0.5505412653608585
1.0,0.015,17403,9401.62710001517,0.5402302534054572
1.0,0.015,18722,9880.381378621034,0.5277417678998523
1.0,0.015,20040,10335.417317046547,0.515739387078171
1.0,0.015,21359,10768.284410837154,0.5041567681463155
1.0,0.015,22941,11259.67933360239,0.4908103105183902
1.0,0.015,24523,11722.519814576872,0.4780214416905302
1.0,0.015,26237,12193.333469144096,0.4647380976919654
1.0,0.015,28082,12667.323794232772,0.4510833912909612
1.0,0.015,30060,13139.336792690208,0.43710368571823716
1.0,0.015,32038,13576.954099578375,0.4237765809219794
1.0,0.015,34411,14060.15872901749,0.40859488910573627
1.0,0.015,36784,14500.798862242527,0.39421484510228705
1.0,0.015,39289,14923.623624778504,0.3798422872757898
1.0,0.015,42057,15344.659857416644,0.3648538853797618
1.0,0.015,44958,15738.195799860092,0.35006441122514553
1.0,0.015,48122,16117.220531530056,0.33492416216138265
1.0,0.015,51550,16474.476699750063,0.3195824772017471
1.0,0.015,55110,16792.86014019205,0.30471529922322715
1.0,0.015,59065,17090.703860971724,0.2893541667818797
1.0,0.015,63152,17343.77061588179,0.2746353340493063
1.0,0.015,67503,17559.389967800762,0.26012754940966715
1.0,0.015,72249,17739.64981484747,0.24553488373330387
1.0,0.015,77391,17878.77595877679,0.2310188001030713
1.0,0.015,82796,17971.233794723103,0.21705437212815962
1.0,0.015,88597,18018.547681828168,0.20337649899915536
1.0,0.015,94793,18019.07702111406,0.1900886882060285
1.0,0.015,101385,17972.621377673953,0.17727101028430195
1.0,0.015,108505,17878.121528416817,0.16476772064344333
1.0,0.015,116152,17735.31447933759,0.15269056477148557
1.0,0.015,124194,17548.64076309871,0.1413002299877507
1.0,0.015,132895,17314.41693687316,0.13028644371024614
1.0,0.015,135005,17253.503690716694,0.12779899774613307
4.0,0.001,4219,3210.072308451374,0.7608609406142152
4.0,0.001,4351,3305.8519997755575,0.7597913122904062
4.0,0.001,4483,3401.3933605499906,0.7587315102721371
4.0,0.001,4615,3496.697994251391,0.7576810388410381
4.0,0.001,4747,3591.767451358999,0.7566394462521591
4.0,0.001,4879,3686.6032332550317,0.7556063195849624
4.0,0.001,5010,3781.2067957254626,0.7547318953543838
4.0,0.001,5142,3875.5795521122122,0.7537105313325967
4.0,0.001,5274,3969.7228761593988,0.7526967910806596
4.0,0.001,5406,4063.6381045911417,0.7516903634093862
4.0,0.001,5538,4157.326539451986,0.7506909605366533
4.0,0.001,5670,4250.789450237648,0.7496983157385624
4.0,0.001,5801,4344.028075839022,0.7488412473433929
4.0,0.001,5933,4437.043626320323,0.7478583560290448
4.0,0.001,6065,4529.837284548855,0.7468816627450708
4.0,0.001,6197,4622.410207691928,0.7459109581558703
4.0,0.001,6329,4714.7635285946335,0.74494604654679
4.0,0.001,6724,4989.6866933391775,0.742071191751811
4.0,0.001,7252,5354.221256759627,0.7383096051792095
4.0,0.001,7779,5715.367121149101,0.7347174599754597
4.0,0.001,8306,6073.184648621331,0.7311804296437914
4.0,0.001,8834,6427.730766811874,0.7276127198111698
4.0,0.001,9493,6866.394978153722,0.7233113850367346
4.0,0.001,10152,7299.234395152955,0.7189947197747197
4.0,0.001,10811,7728.028066718389,0.7148300866449346
4.0,0.001,11602,8236.320314454082,0.709905215863996
4.0,0.001,12393,8737.922711993144,0.7050692093918457
4.0,0.001,13316,9313.97313422889,0.6994572795305565
4.0,0.001,14239,9882.092783192946,0.6940159269044839
4.0,0.001,15294,10520.968828557672,0.6879147919810169
4.0,0.001,16349,11148.17030353742,0.6818869841297583
4.0,0.001,17403,11765.575334108773,0.6760659273750947
4.0,0.001,18722,12522.886530680762,0.6688861516227306
4.0,0.001,20040,13263.728708028217,0.6618627099814479
4.0,0.001,21359,13990.201790125555,0.6550026588382206
4.0,0.001,22941,14841.772207431217,0.6469540215087056
4.0,0.001,24523,15673.612662581481,0.6391392840427959
4.0,0.001,26237,16551.668747958247,0.6308521838608929
4.0,0.001,28082,17473.02045084895,0.6222142458104463
4.0,0.001,30060,18431.654437968115,0.6131621569517004
4.0,0.001,32038,19362.69744870657,0.604366609922797
4.0,0.001,34411,20445.83286610994,0.594165611755251
4.0,0.001,36784,21491.744512263358,0.5842688264534406
4.0,0.001,39289,22558.003620322885,0.574155708221713
4.0,0.001,42057,23693.513239006414,0.5633666985045632
4.0,0.001,44958,24837.00715701513,0.552449111548893
4.0,0.001,48122,26033.481153467037,0.5409891765401903
4.0,0.001,51550,27272.89933981055,0.5290572131874015
4.0,0.001,55110,28501.045401614778,0.5171664924989072
4.0,0.001,59065,29799.498587517228,0.5045204196650678
4.0,0.001,63152,31072.595489356496,0.4920286845920398
4.0,0.001,67503,32355.618381755947,0.4793211913804712
4.0,0.001,72249,33677.339238212524,0.4661287940070108
4.0,0.001,77391,35022.75857346336,0.45254304212974844
4.0,0.001,82796,36348.05487284226,0.439007378047759
4.0,0.001,88597,37677.10313582861,0.4252638705128685
4.0,0.001,94793,38997.694492767245,0.41139846289037424
4.0,0.001,101385,40299.73270773002,0.39749206201834614
4.0,0.001,108505,41598.22302424385,0.3833760934910267
4.0,0.001,116152,42879.084547393395,0.36916354903396753
4.0,0.001,124194,44110.55490260653,0.35517460507437176
4.0,0.001,132895,45323.407337752375,0.3410467462113125
4.0,0.001,135005,45599.83788506968,0.3377640671461774
4.0,0.005,4219,3117.5730116819777,0.7389364806072476
4.0,0.005,4351,3208.6460475863555,0.7374502522607115
4.0,0.005,4483,3299.3914160791974,0.7359784555162162
4.0,0.005,4615,3389.811776278858,0.7345204282294383
4.0,0.005,4747,3479.9097004314535,0.733075563604688
4.0,0.005,4879,3569.687680023379,0.7316433039605204
4.0,0.005,5010,3659.148131287496,0.7303688884805382
4.0,0.005,5142,3748.2934001780964,0.7289563205324964
4.0,0.005,5274,3837.1257668788926,0.727555132134792
4.0,0.005,5406,3925.647449899038,0.7261649000923118
4.0,0.005,5538,4013.860609804286,0.7247852310950318
4.0,0.005,5670,4101.767352624473,0.723415758840295
4.0,0.005,5801,4189.369732972183,0.7221806124758116
4.0,0.005,5933,4276.6697569038915,0.7208275336092856
4.0,0.005,6065,4363.669384550215,0.719483822679343
4.0,0.005,6197,4450.370532538626,0.7181491903402657
4.0,0.005,6329,4536.775076229711,0.7168233648648619
4.0,0.005,6724,4793.429737183439,0.7128836610921236
4.0,0.005,7252,5132.53409769014,0.7077404988541285
4.0,0.005,7779,5467.104969899916,0.7028030556498156
4.0,0.005,8306,5797.241437391476,0.697958275631047
4.0,0.005,8834,6123.036624211393,0.6931216463902414
4.0,0.005,9493,6524.309278625313,0.6872758115058794
4.0,0.005,10152,6918.247524083339,0.68146646218315
4.0,0.005,10811,7306.603019846352,0.675848951979128
4.0,0.005,11602,7764.469479993831,0.6692354318215679
4.0,0.005,12393,8213.656821582576,0.6627658211556988
4.0,0.005,13316,8726.208353850641,0.65531753933994
4.0,0.005,14239,9228.311913720987,0.6481011246380355
4.0,0.005,15294,9788.863404501146,0.6400459921865532
4.0,0.005,16349,10334.886936893668,0.6321418396778805
4.0,0.005,17403,10868.297059451557,0.6245070998937859
4.0,0.005,18722,11516.941380122851,0.6151555058285895
4.0,0.005,20040,12145.347810924712,0.6060552799862631
4.0,0.005,21359,12755.720999556264,0.5972059084955412
4.0,0.005,22941,13463.606654764508,0.5868796763333991
4.0,0.005,24523,14147.19141460831,0.576894809550557
4.0,0.005,26237,14860.018770436034,0.566376444350956
4.0,0.005,28082,15598.326593988695,0.5554563989028094
4.0,0.005,30060,16355.64431245449,0.5440999438607614
4.0,0.005,32038,17080.409064278967,0.5331296917497649
4.0,0.005,34411,17910.01974093797,0.5204736782115593
4.0,0.005,36784,18696.768273061167,0.5082853488761735
4.0,0.005,39289,19483.997425666166,0.4959148215955144
4.0,0.005,42057,20305.421582559946,0.4828071803162362
4.0,0.005,44958,21114.40922010572,0.46964743138275106
4.0,0.005,48122,21940.642858650768,0.455937884099804
4.0,0.005,51550,22773.89440879623,0.4417826267467746
4.0,0.005,55110,23575.924030121034,0.4277975690459269
4.0,0.005,59065,24397.15806230231,0.41305609180229086
4.0,0.005,63152,25174.44540626106,0.3986325913076555
4.0,0.005,67503,25928.301636248427,0.38410591582964354
4.0,0.005,72249,26672.52803572473,0.3691750478999672
4.0,0.005,77391,27394.10139324374,0.35397011788507377
4.0,0.005,82796,28067.23117690283,0.3389925983972998
4.0,0.005,88597,28702.295609471974,0.32396464450796275
4.0,0.005,94793,29290.422161245464,0.30899351388019647
4.0,0.005,101385,29825.02719054202,0.29417593520286056
4.0,0.005,108505,30309.805817808636,0.27934017619288176
4.0,0.005,116152,30735.95375359222,0.26461837724354487
4.0,0.005,124194,31091.596200827422,0.2503470071084547
4.0,0.005,132895,31384.42183193826,0.23615953822143992
4.0,0.005,135005,31442.322762385025,0.23289746870401115
4.0,0.015,4219,2964.6173740157833,0.7026824778420914
4.0,0.015,4351,3047.735200523527,0.7004677546595098
4.0,0.015,4483,3130.37017009728,0.69827574617383
4.0,0.015,4615,3212.5270889024177,0.6961055447242509
4.0,0.015,4747,3294.2106213105176,0.6939563137372061
4.0,0.015,4879,3375.425299187729,0.6918272800138817
4.0,0.015,5010,3456.175530289339,0.6898553952673331
4.0,0.015,5142,3536.465605869119,0.6877607168162425
4.0,0.015,5274,3616.2997075968965,0.6856844345083232
4.0,0.015,5406,3695.6819138639885,0.6836259552097648
4.0,0.015,5538,3774.6162055453974,0.681584724728313
4.0,0.015,5670,3853.1064712784864,0.6795602242113733
4.0,0.015,5801,3931.156512309917,0.6776687661282395
4.0,0.015,5933,4008.770046955846,0.6756733603498813
4.0,0.015,6065,4085.9507147150516,0.6736934401838502
4.0,0.015,6197,4162.702080069588,0.6717285912650618
4.0,0.015,6329,4239.027636003412,0.6697784225001442
4.0,0.015,6724,4464.740536935153,0.6640006747375301
4.0,0.015,7252,4760.812507840207,0.6564826955102326
4.0,0.015,7779,5050.4763607640925,0.6492449364653673
4.0,0.015,8306,5333.91831855434,0.6421765372687623
4.0,0.015,8834,5611.313684810173,0.6351951194034609
4.0,0.015,9493,5949.806530224652,0.6267572453623357
4.0,0.015,10152,6278.643409976289,0.6184636928660647
4.0,0.015,10811,6599.566771078325,0.6104492434629845
4.0,0.015,11602,6973.7035483577265,0.601077706288375
4.0,0.015,12393,7336.28828481788,0.591970328799958
4.0,0.015,13316,7744.521952855137,0.5815952202504608
4.0,0.015,14239,8138.868280337689,0.5715898785264196
4.0,0.015,15294,8572.49321722041,0.5605134835373617
4.0,0.015,16349,8988.018762660977,0.5497595426424232
4.0,0.015,17403,9387.512174341637,0.5394191906189528
4.0,0.015,18722,9864.55735055826,0.5268965575557237
4.0,0.015,20040,10317.344898215912,0.5148375697712531
4.0,0.015,21359,10748.381428234814,0.5032249369462435
4.0,0.015,22941,11237.085197530676,0.4898254303443911
4.0,0.015,24523,11697.61819462763,0.47700600230916407
4.0,0.015,26237,12165.475180039011,0.4636763036947445
4.0,0.015,28082,12636.689158133271,0.44999249192127594
4.0,0.015,30060,13105.30257425008,0.4359714761892907
4.0,0.015,32038,13539.533889247894,0.4226085863427147
4.0,0.015,34411,14019.106734617433,0.40740189865500664
4.0,0.015,36784,14455.781932682117,0.392991026878048
4.0,0.015,39289,14874.495833944937,0.37859186627160113
4.0,0.015,42057,15291.099301911563,0.36358036241081304
4.0,0.015,44958,15680.105809837974,0.34877231660300667
4.0,0.015,48122,16054.345536687642,0.3336175873132381
4.0,0.015,51550,16406.607320674095,0.3182659034078389
4.0,0.015,55110,16720.010381396747,0.30339340194877057
4.0,0.015,59065,17012.59131336709,0.288031682271516
4.0,0.015,63152,17260.504216923164,0.27331682633840837
4.0,0.015,67503,17470.763987153816,0.258814630270563
4.0,0.015,72249,17645.78360801578,0.2442356794975125
4.0,0.015,77391,17779.4970333815,0.22973597748293084
4.0,0.015,82796,17866.759982359068,0.21579255015168688
4.0,0.015,88597,17909.173780032674,0.20214198878102727
4.0,0.015,94793,17904.879517515925,0.1888839842342359
4.0,0.015,101385,17853.77746297098,0.17609880616433377
4.0,0.015,108505,17755.030702427986,0.16363329526222742
4.0,0.015,116152,17608.327463195063,0.15159728169291156
4.0,0.015,124194,17418.13591599907,0.14024941555952036
4.0,0.015,132895,17180.889695494712,0.1292816862597894
4.0,0.015,135005,17119.301865257705,0.12680494696683609
7.0,0.001,4219,3209.3067768121064,0.7606794920151947
7.0,0.001,4351,3305.039738738991,0.7596046285311403
7.0,0.001,4483,3400.5330914125548,0.7585396144127938
7.0,0.001,4615,3495.7884467319072,0.7574839537880622
7.0,0.001,4747,3590.807363534293,0.7564371947618059
7.0,0.001,4879,3685.5913514967283,0.7553989242665973
7.0,0.001,5010,3780.141874637905,0.7545193362550708
7.0,0.001,5142,3874.4603544714496,0.7534928732927751
7.0,0.001,5274,3968.5481728531713,0.752474056286153
7.0,0.001,5406,4062.4066745598293,0.7514625739104382
7.0,0.001,5538,4156.037169630467,0.7504581382503552
7.0,0.001,5670,4249.44093549802,0.7494604824511499
7.0,0.001,5801,4342.619218934158,0.7485983828536732
7.0,0.001,5933,4435.573237828228,0.7476105238207026
7.0,0.001,6065,4528.304182817771,0.74662888422387
7.0,0.001,6197,4620.813218786181,0.745653254604838
7.0,0.001,6329,4713.101486241184,0.7446834391280114
7.0,0.001,6724,4987.202329994447,0.7417017147522973
7.0,0.001,7252,5351.356745031821,0.737914609077747
7.0,0.001,7779,5712.098885114974,0.7342973242209763
7.0,0.001,8306,6069.489723338601,0.7307355795013967
7.0,0.001,8834,6423.586782460419,0.7271436249106202
7.0,0.001,9493,6861.659094405548,0.7228125033609553
7.0,0.001,10152,7293.205608429138,0.7184008676545645
7.0,0.001,10811,7721.260847780644,0.7142041298474373
7.0,0.001,11602,8228.621322651185,0.7092416240864665
7.0,0.001,12393,8729.24397552501,0.7043689159626411
7.0,0.001,13316,9303.437310990585,0.6986660642077639
7.0,0.001,14239,9870.212374253624,0.6931815699314294
7.0,0.001,15294,10507.477345994304,0.6870326497969337
7.0,0.001,16349,11132.363275382075,0.680920134282346
7.0,0.001,17403,11747.937826528994,0.6750524522512782
7.0,0.001,18722,12502.862440663937,0.6678166029625007
7.0,0.001,20040,13240.576353934817,0.660707402890959
7.0,0.001,21359,13964.391453997965,0.6537942531952791
7.0,0.001,22941,14812.049738666263,0.6456584167501968
7.0,0.001,24523,15640.38849096811,0.6377844672743184
7.0,0.001,26237,16513.939107324717,0.6294141520495756
7.0,0.001,28082,17430.86567250347,0.6207131141835863
7.0,0.001,30060,18384.035119205688,0.6115780146109676
7.0,0.001,32038,19309.477506709765,0.6027054593517001
7.0,0.001,34411,20386.31016038013,0.5924358536624954
7.0,0.001,36784,21425.231065187796,0.5824606096451662
7.0,0.001,39289,22483.987505801244,0.5722718192318778
7.0,0.001,42057,23611.098667912003,0.5614071062584588
7.0,0.001,44958,24745.67040120293,0.5504175097024541
7.0,0.001,48122,25932.316423593435,0.538886921233395
7.0,0.001,51550,27161.00500904427,0.526886615112401
7.0,0.001,55110,28377.93796674504,0.5149326431998738
7.0,0.001,59065,29663.92053154542,0.5022250153482675
7.0,0.001,63152,30924.130599398814,0.4896777710824489
7.0,0.001,67503,32193.132784683847,0.47691410433142006
7.0,0.001,72249,33500.079516314036,0.4636753382927658
7.0,0.001,77391,34829.35490115546,0.45004399608682477
7.0,0.001,82796,36137.97071198242,0.4364700071498916
7.0,0.001,88597,37449.78023180416,0.4226980623701046
7.0,0.001,94793,38752.099614076826,0.4088076083052211
7.0,0.001,101385,40035.001359601556,0.3948809129516354
7.0,0.001,108505,41313.7777585077,0.38075459894482006
7.0,0.001,116152,42574.24773770373,0.3665390844557453
7.0,0.001,124194,43784.93728793378,0.35255275849021517
7.0,0.001,132895,44976.55217304905,0.3384367521204639
7.0,0.001,135005,45247.88911994266,0.3351571358093601
7.0,0.005,4219,3116.829539090446,0.7387602605097051
7.0,0.005,4351,3207.857670440384,0.7372690577891022
7.0,0.005,4483,3298.5569449355494,0.7357923142840842
7.0,0.005,4615,3388.930031587809,0.7343293676246607
7.0,0.005,4747,3478.9795124447014,0.7328796107951762
7.0,0.005,4879,3568.707888703913,0.7314424858995517
7.0,0.005,5010,3658.1175862213254,0.73016319086254
7.0,0.005,5142,3747.210960487733,0.7287458110633475
7.0,0.005,5274,3835.990301138492,0.7273398371517809
7.0,0.005,5406,3924.4578360511196,0.7259448457364261
7.0,0.005,5538,4012.615735077955,0.724560443314907
7.0,0.005,5670,4100.466113455068,0.7231862633959555
7.0,0.005,5801,4188.01103492229,0.7219463945737441
7.0,0.005,5933,4275.252514585665,0.7205886591245011
7.0,0.005,6065,4362.192521548944,0.719240316825877
7.0,0.005,6197,4448.832981337503,0.7179010781567698
7.0,0.005,6329,4535.175778135747,0.71657067121753
7.0,0.005,6724,4791.043090111891,0.7125287165544156
7.0,0.005,7252,5129.788188731365,0.7073618572437073
7.0,0.005,7779,5463.9786983785525,0.7024011696077327
7.0,0.005,8306,5793.714395946759,0.6975336378457452
7.0,0.005,8834,6119.08907742161,0.6926747880259917
7.0,0.005,9493,6519.809337917124,0.6868017842533577
7.0,0.005,10152,6912.533412634477,0.6809036064454764
7.0,0.005,10811,7300.204831084665,0.6752571298755586
7.0,0.005,11602,7757.211555994029,0.6686098565759377
7.0,0.005,12393,8205.498799894382,0.6621075445730963
7.0,0.005,13316,8716.337401096986,0.6545762542127505
7.0,0.005,14239,9217.217490529465,0.6473219671697075
7.0,0.005,15294,9776.310731635265,0.6392252341856457
7.0,0.005,16349,10320.23306595828,0.6312455236380379
7.0,0.005,17403,10852.004641416575,0.6235709154408191
7.0,0.005,18722,11498.525795956288,0.6141718724471898
7.0,0.005,20040,12124.147634164776,0.60499738693437
7.0,0.005,21359,12732.188140524833,0.5961041313041263
7.0,0.005,22941,13436.64413151142,0.5857043778175067
7.0,0.005,24523,14117.202877471096,0.5756719356306772
7.0,0.005,26237,14826.145257344779,0.5650853854230582
7.0,0.005,28082,15560.694634363872,0.554116324847371
7.0,0.005,30060,16313.388494198953,0.5426942280172639
7.0,0.005,32038,17033.462176734465,0.5316643416172815
7.0,0.005,34411,17857.879393237978,0.5189584549486495
7.0,0.005,36784,18638.904821990236,0.5067122885491039
7.0,0.005,39289,19420.067575796907,0.49428765241662825
7.0,0.005,42057,20234.792014300612,0.4811278030839245
7.0,0.005,44958,21036.76211766444,0.4679203282544695
7.0,0.005,48122,21855.382681766856,0.45416613361387426
7.0,0.005,51550,22680.458443589025,0.43997009589891417
7.0,0.005,55110,23474.090167849175,0.4259497399355684
7.0,0.005,59065,24286.158903990654,0.41117682051960813
7.0,0.005,63152,25054.161882850007,0.3967279244180708
7.0,0.005,67503,25798.09316603087,0.382176987186212
7.0,0.005,72249,26532.13793933085,0.3672319054842399
7.0,0.005,77391,27242.824908328508,0.3520154140446371
7.0,0.005,82796,27905.008446413216,0.3370332920239289
7.0,0.005,88597,28529.121754608685,0.32201002014299224
7.0,0.005,94793,29105.960547012954,0.3070475725740609
7.0,0.005,101385,29629.10480779615,0.2922434759362445
7.0,0.005,108505,30102.549830810513,0.2774300707876182
7.0,0.005,116152,30517.445122078454,0.2627371472043396
7.0,0.005,124194,30862.082620378602,0.24849898240155405
7.0,0.005,132895,31144.240225058762,0.23435223465938343
7.0,0.005,135005,31199.644560395845,0.2310999189688963
7.0,0.015,4219,2963.910377979539,0.7025149035267929
7.0,0.015,4351,3046.9863598151937,0.7002956469352318
7.0,0.015,4483,3129.5784472470746,0.6980991405860082
7.0,0.015,4615,3211.6914588166082,0.6959244764499692
7.0,0.015,4747,3293.330071121128,0.6937708175945078
7.0,0.015,4879,3374.4988281056353,0.6916373904705135
7.0,0.015,5010,3455.2021494605865,0.6896611076767638
7.0,0.015,5142,3535.4443382343034,0.6875621038962083
7.0,0.015,5274,3615.2295877534348,0.6854815297219254
7.0,0.015,5406,3694.5619879311735,0.68341879170018
7.0,0.015,5538,3773.4455310320864,0.6813733353254038
7.0,0.015,5670,3851.884116953318,0.6793446414379749
7.0,0.015,5801,3929.8815580739465,0.6774489843257967
7.0,0.015,5933,4007.4415837175015,0.6754494494720211
7.0,0.015,6065,4084.567844267317,0.6734654318660045
7.0,0.015,6197,4161.263914969327,0.6714965168580486
7.0,0.015,6329,4237.533299452754,0.6695423130751705
7.0,0.015,6724,4462.517544107065,0.6636700690224665
7.0,0.015,7252,4758.265470164957,0.6561314768567232
7.0,0.015,7779,5047.588331267147,0.6488736767280044
7.0,0.015,8306,5330.67316287548,0.6417858370907151
7.0,0.015,8834,5607.696047895288,0.6347856065084093
7.0,0.015,9493,5945.702835033666,0.6263249589206432
7.0,0.015,10152,6273.45757815004,0.6179528741282545
7.0,0.015,10811,6593.787714267378,0.6099146900626563
7.0,0.015,11602,6967.184801586743,0.6005158422329548
7.0,0.015,12393,7329.001688818259,0.5913823681770564
7.0,0.015,13316,7735.761468668147,0.5809373286773917
7.0,0.015,14239,8129.083603590053,0.57090270409369
7.0,0.015,15294,8561.500347205361,0.5597947134304538
7.0,0.015,16349,8975.274620638222,0.5489800367385297
7.0,0.015,17403,9373.439567399058,0.5386105595241658
7.0,0.015,18722,9848.783927723214,0.5260540501935271
7.0,0.015,20040,10299.33557160456,0.5139389007786707
7.0,0.015,21359,10728.551883125172,0.5022965439920021
7.0,0.015,22941,11214.581556514982,0.48884449485702375
7.0,0.015,24523,11672.822145195207,0.475994867887094
7.0,0.015,26237,12137.74389725004,0.462619350430691
7.0,0.015,28082,12606.202338067998,0.4489068562804643
7.0,0.015,30060,13071.44421482491,0.4348451169269764
7.0,0.015,32038,13502.319383874437,0.4214470124188288
7.0,0.015,34411,13978.293764550435,0.406215854364896
7.0,0.015,36784,14411.043643244204,0.391774783689762
7.0,0.015,39289,14825.690434068812,0.3773496508964039
7.0,0.015,42057,15237.911352204956,0.36231569898482907
7.0,0.015,44958,15622.44306543368,0.3474897251975995
7.0,0.015,48122,15991.959199649496,0.3323211670265055
7.0,0.015,51550,16339.294845992968,0.31696013280296736
7.0,0.015,55110,16647.78995719671,0.3020829242822847
7.0,0.015,59065,16935.189539289073,0.2867212315125552
7.0,0.015,63152,17178.033511826852,0.2720109182896322
7.0,0.015,67503,17383.02814219901,0.2575148977408265
7.0,0.015,72249,17552.90552542995,0.24295015191116762
7.0,0.015,77391,17681.31458979041,0.22846732294182023
7.0,0.015,82796,17763.493843598433,0.21454531430985113
7.0,0.015,88597,17801.119682092107,0.20092237527334003
7.0,0.015,94793,17792.120371872417,0.18769445393512618
7.0,0.015,101385,17736.494933797996,0.17494200260194304
7.0,0.015,108505,17633.623246552714,0.16251438409799285
7.0,0.015,116152,17483.14600411054,0.1505195433923698
7.0,0.015,124194,17289.557803990825,0.13921411504574155
7.0,0.015,132895,17049.406193368057,0.12829230741087366
7.0,0.015,135005,16987.171633424423,0.1258262407571899
16.0,0.001,4219,3207.012371077583,0.7601356651049023
16.0,0.001,4351,3302.6053487746367,0.7590451272752555
16.0,0.001,4483,3397.954892937748,0.7579645087971778
16.0,0.001,4615,3493.062641015406,0.7568933133294488
16.0,0.001,4747,3587.9301771971996,0.7558310885184747
16.0,0.001,4879,3682.559036319073,0.7547774208483445
16.0,0.001,5010,3776.950707368643,0.753882376720288
16.0,0.001,5142,3871.106636641678,0.7528406527891245
16.0,0.001,5274,3965.0282305924143,0.7518066421297713
16.0,0.001,5406,4058.71685841523,0.7507800330031872
16.0,0.001,5538,4152.173854388753,0.749760537087171
16.0,0.001,5670,4245.400520010111,0.7487478871270037
16.0,0.001,5801,4338.398125942307,0.7478707336566639
16.0,0.001,5933,4431.167913795578,0.7468680117639606
16.0,0.001,6065,4523.711097760244,0.745871574239117
16.0,0.001,6197,4616.028866106592,0.7448812112484415
16.0,0.001,6329,4708.122382565509,0.7438967265864289
16.0,0.001,6724,4979.764061385698,0.7405954880109605
16.0,0.001,7252,5342.78157056625,0.7367321525877344
16.0,0.001,7779,5702.316565231693,0.7330397949905763
16.0,0.001,8306,6058.4318742523155,0.7294042709188918
16.0,0.001,8834,6411.186827242854,0.7257399623322225
16.0,0.001,9493,6847.490559377008,0.7213199788662181
16.0,0.001,10152,7275.178854122584,0.7166251826361884
16.0,0.001,10811,7701.030115030455,0.7123328198159703
16.0,0.001,11602,8205.610466356271,0.7072582715356207
16.0,0.001,12393,8703.310898233416,0.7022763574786909
16.0,0.001,13316,9271.972373121704,0.6963031220427834
16.0,0.001,14239,9834.741925296514,0.6906904926818256
16.0,0.001,15294,10467.209711063033,0.6843997457213962
16.0,0.001,16349,11085.2100057697,0.6780359658553857
16.0,0.001,17403,11695.34116315583,0.672030176587705
16.0,0.001,18722,12443.172558432429,0.6646283814994354
16.0,0.001,20040,13171.601725343879,0.6572655551568801
16.0,0.001,21359,13887.528706212179,0.6501956414725493
16.0,0.001,22941,14723.592341390795,0.6418025518238436
16.0,0.001,24523,15541.555759775085,0.6337542617043218
16.0,0.001,26237,16401.77523524613,0.6251391254810431
16.0,0.001,28082,17305.612981120674,0.6162528659326498
16.0,0.001,30060,18242.64213780739,0.6068743226150163
16.0,0.001,32038,19151.55867675972,0.5977763492340258
16.0,0.001,34411,20209.80345724113,0.5873064850553931
16.0,0.001,36784,21228.1381798892,0.5771024951035559
16.0,0.001,39289,22264.82504777384,0.5666936050236412
16.0,0.001,42057,23367.259439228263,0.5556092788175158
16.0,0.001,44958,24475.646783683973,0.5444113791468476
16.0,0.001,48122,25633.485321865057,0.5326770566864439
16.0,0.001,51550,26830.763951187564,0.5204803870259469
16.0,0.001,55110,28014.91503760942,0.5083454007913158
16.0,0.001,59065,29264.48872777846,0.4954624350762458
16.0,0.001,63152,30487.12802182815,0.48275791775126914
16.0,0.001,67503,31715.322435811995,0.4698357470899367
16.0,0.001,72249,32979.322327380396,0.45646752657310685
16.0,0.001,77391,34261.75125296276,0.44270976280139496
16.0,0.001,82796,35522.04079562096,0.4290308806659858
16.0,0.001,88597,36783.97740702829,0.41518310334467634
16.0,0.001,94793,38033.53094935178,0.4012272103356975
16.0,0.001,101385,39261.27243759926,0.3872493212763157
16.0,0.001,108505,40483.31295443474,0.37310089815616554
16.0,0.001,116152,41685.20006790585,0.3588849100136532
16.0,0.001,124194,42836.30345306712,0.344914435907267
16.0,0.001,132895,43967.12512491763,0.3308410784823931
16.0,0.001,135005,44223.90207655634,0.32757232751791665
16.0,0.005,4219,3114.6012474170875,0.7382321041519525
16.0,0.005,4351,3205.4948617792757,0.7367260082232304
16.0,0.005,4483,3296.0560622045527,0.7352344550980487
16.0,0.005,4615,3386.2875476407153,0.7337567817206317
16.0,0.005,4747,3476.1919297907593,0.7322923804067325
16.0,0.005,4879,3565.7717392333166,0.7308406926077714
16.0,0.005,5010,3655.029430936314,0.7295467926020587
16.0,0.005,5142,3743.967389239004,0.7281150115206154
16.0,0.005,5274,3832.587932366659,0.7266947160346339
16.0,0.005,5406,3920.8933165329377,0.7252854821555563
16.0,0.005,5538,4008.885739677109,0.7238869157957943
16.0,0.005,5670,4096.567344877288,0.7224986498901742
16.0,0.005,5801,4183.940223474619,0.7212446515212239
16.0,0.005,5933,4271.006417939683,0.7198729846518933
16.0,0.005,6065,4357.767924507781,0.7185107872230471
16.0,0.005,6197,4444.226695606505,0.7171577691796845
16.0,0.005,6329,4530.38464209663,0.7158136580971133
16.0,0.005,6724,4783.897387358664,0.7114660004995038
16.0,0.005,7252,5121.568062362358,0.7062283593991118
16.0,0.005,7779,5454.621299541803,0.7011982644995247
16.0,0.005,8306,5783.158974921319,0.6962628190369996
16.0,0.005,8834,6107.2769180935065,0.6913376633567474
16.0,0.005,9493,6506.346683227824,0.6853836177423179
16.0,0.005,10152,6895.447572997461,0.6792206041171652
16.0,0.005,10811,7281.077321229618,0.6734878661760816
16.0,0.005,11602,7735.5189694275705,0.6667401283767945
16.0,0.005,12393,8181.121679127638,0.6601405373297538
16.0,0.005,13316,8686.85808011035,0.6523624271635889
16.0,0.005,14239,9184.093700470276,0.6449956949554235
16.0,0.005,15294,9738.845134655772,0.6367755416931982
16.0,0.005,16349,10276.519730327398,0.6285717615956571
16.0,0.005,17403,10803.419158289515,0.6207791276383103
16.0,0.005,18722,11443.630714621606,0.6112397561490015
16.0,0.005,20040,12060.988859373247,0.6018457514657308
16.0,0.005,21359,12662.107681306099,0.5928230573203848
16.0,0.005,22941,13356.400641315227,0.5822065577488003
16.0,0.005,24523,14027.995264885756,0.5720342235813627
16.0,0.005,26237,14725.445003501298,0.5612472845028509
16.0,0.005,28082,15448.880400959824,0.550134620075487
16.0,0.005,30060,16187.921009996107,0.538520326347176
16.0,0.005,32038,16894.157298287413,0.5273162275512645
16.0,0.005,34411,17703.264095425027,0.5144652609754157
16.0,0.005,36784,18467.44363592439,0.5020509905373094
16.0,0.005,39289,19230.770648645004,0.48946958814540975
16.0,0.005,42057,20025.820964425307,0.4761590452106738
16.0,0.005,44958,20807.20993678591,0.46281440314929284
16.0,0.005,48122,21603.532134410983,0.4489325492375833
16.0,0.005,51550,22404.69476744406,0.43462065504256175
16.0,0.005,55110,23173.799393321708,0.42050080554022334
16.0,0.005,59065,23959.13995019875,0.4056402260255439
16.0,0.005,63152,24700.110431460424,0.39112158651286455
16.0,0.005,67503,25415.19796976858,0.3765047178609629
16.0,0.005,72249,26119.6970804082,0.36152330247350417
16.0,0.005,77391,26798.856685290044,0.3462787234341208
16.0,0.005,82796,27429.399850251335,0.3312889493484146
16.0,0.005,88597,28021.915310805256,0.31628514860328516
16.0,0.005,94793,28566.25737185364,0.3013540807006176
16.0,0.005,101385,29056.483487843798,0.28659548737824925
16.0,0.005,108505,29497.4464124432,0.271853337748889
16.0,0.005,116152,29880.171067557912,0.25725059463081057
16.0,0.005,124194,30193.432221370036,0.2431150637017089
16.0,0.005,132895,30445.25737826965,0.22909257216802476
16.0,0.005,135005,30493.577771215558,0.22586998830573354
16.0,0.015,4219,2961.7914116604,0.7020126597915146
16.0,0.015,4351,3044.7420439817356,0.6997798308392865
16.0,0.015,4483,3127.20567975369,0.6975698594141624
16.0,0.015,4615,3209.1871748556423,0.6953818363717534
16.0,0.015,4747,3290.6912427672605,0.6932149236922815
16.0,0.015,4879,3371.7224638705484,0.6910683467658431
16.0,0.015,5010,3452.2852938573565,0.6890789009695323
16.0,0.015,5142,3532.384071351041,0.686966952810393
16.0,0.015,5274,3612.023024835711,0.6848735352361985
16.0,0.015,5406,3691.2062789728207,0.6827980538240511
16.0,0.015,5538,3769.9378603740033,0.6807399531191772
16.0,0.015,5670,3848.221702889915,0.678698713031731
16.0,0.015,5801,3926.061652466918,0.6767904934437025
16.0,0.015,5933,4003.4614716166275,0.674778606373947
16.0,0.015,6065,4080.4248435380055,0.6727823319930759
16.0,0.015,6197,4156.955375926649,0.6708012547888735
16.0,0.015,6329,4233.056604501735,0.6688349825409599
16.0,0.015,6724,4455.861827741863,0.6626802242328766
16.0,0.015,7252,4750.640682937297,0.6550800721093901
16.0,0.015,7779,5038.9440264872965,0.647762440736251
16.0,0.015,8306,5320.961344905555,0.6406165837834764
16.0,0.015,8834,5596.871070787874,0.6335602298831643
16.0,0.015,9493,5933.425644090713,0.6250316700822409
16.0,0.015,10152,6257.951354345902,0.6164254683161842
16.0,0.015,10811,6576.511111431565,0.6083166322663551
16.0,0.015,11602,6947.701478443886,0.598836534946034
16.0,0.015,12393,7307.228489695949,0.5896254732264947
16.0,0.015,13316,7709.598530622377,0.5789725541170304
16.0,0.015,14239,8099.870225590067,0.5688510587534285
16.0,0.015,15294,8528.690248349743,0.5576494212338003
16.0,0.015,16349,8937.258115646157,0.5466547260166467
16.0,0.015,17403,9331.473764306209,0.5361991475208993
16.0,0.015,18722,9801.764874641627,0.5235426169555404
16.0,0.015,20040,10245.682858399692,0.5112616196806233
16.0,0.015,21359,10669.499830608893,0.49953180535647235
16.0,0.015,22941,11147.60819944927,0.48592512093846263
16.0,0.015,24523,11599.060748922586,0.47298702234321194
16.0,0.015,26237,12055.303460418709,0.4594772062514277
16.0,0.015,28082,12515.618152484498,0.4456811534963499
16.0,0.015,30060,12970.910765191495,0.4315006907914669
16.0,0.015,32038,13391.893274313865,0.4180002894785525
16.0,0.015,34411,13857.268305383022,0.40269879705277445
16.0,0.015,36784,14278.474983276474,0.3881708075053413
16.0,0.015,39289,14681.17715515663,0.373671438701841
16.0,0.015,42057,15080.544657705372,0.3585739510118499
16.0,0.015,44958,15451.97168508234,0.3436979332951275
16.0,0.015,48122,15807.675824868573,0.3284916633736871
16.0,0.015,51550,16140.631136282058,0.31310632660100984
16.0,0.015,55110,16434.824184948622,0.2982185480847146
16.0,0.015,59065,16707.153150854843,0.282860461370606
16.0,0.015,63152,16935.283116690134,0.26816701160200995
16.0,0.015,67503,17125.029307583427,0.25369286265178476
16.0,0.015,72249,17280.04641968994,0.23917350301997178
16.0,0.015,77391,17393.16745946056,0.22474405886292412
16.0,0.015,82796,17460.73563493822,0.2108886375542082
16.0,0.015,88597,17484.641569399606,0.19735026659367255
16.0,0.015,94793,17462.206372229422,0.18421409146487
16.0,0.015,101385,17393.713901221967,0.17156101890044845
16.0,0.015,108505,17279.162718635267,0.1592476173322452
16.0,0.015,116152,17118.05792759415,0.14737635105374122
16.0,0.015,124194,16914.966436761242,0.13619793578402534
16.0,0.015,132895,16666.759437788653,0.1254129909912988
16.0,0.015,135005,16602.741685536763,0.1229787169774213
