cut,regime,placement,circuit_gbps,retention
pp,campus-stitch,hierarchical,100.0,0.278197211536458
pp,campus-stitch,hierarchical,200.0,0.43535505182801565
pp,campus-stitch,hierarchical,400.0,0.606730779043825
pp,campus-stitch,hierarchical,800.0,0.755413486466457
pp,campus-stitch,hierarchical,1600.0,0.8608972893436966
pp,campus-stitch,hierarchical,3200.0,0.9255154707969017
pp,campus-stitch,hierarchical,6400.0,0.9616040409271046
pp,campus-stitch,hierarchical,12800.0,0.9807247113208976
pp,campus-stitch,hierarchical,25600.0,0.9905730585340288
pp,campus-stitch,hierarchical,51200.0,0.9955717785815026
pp,campus-stitch,hierarchical,102400.0,0.99809010520825
pp,campus-stitch,hierarchical,204800.0,0.9993540522050206
pp,campus-stitch,blind,100.0,0.025050988148229484
pp,campus-stitch,blind,200.0,0.0488886716048408
pp,campus-stitch,blind,400.0,0.09326042322353677
pp,campus-stitch,blind,800.0,0.170745349648876
pp,campus-stitch,blind,1600.0,0.2920832615257585
pp,campus-stitch,blind,3200.0,0.4530658839259564
pp,campus-stitch,blind,6400.0,0.6254158575478482
pp,campus-stitch,blind,12800.0,0.7723129424832851
pp,campus-stitch,blind,25600.0,0.8750821797271919
pp,campus-stitch,blind,51200.0,0.9374542111481662
pp,campus-stitch,blind,102400.0,0.9720976459726317
pp,campus-stitch,blind,204800.0,0.9903976199820997
pp,metro,hierarchical,100.0,0.27818530782670325
pp,metro,hierarchical,200.0,0.4353259008276507
pp,metro,hierarchical,400.0,0.6066741620386551
pp,metro,hierarchical,800.0,0.755325722877202
pp,metro,hierarchical,1600.0,0.8607833062229496
pp,metro,hierarchical,3200.0,0.9253837358768587
pp,metro,hierarchical,6400.0,0.9614618330361229
pp,metro,hierarchical,12800.0,0.9805767922753335
pp,metro,hierarchical,25600.0,0.9904221540220178
pp,metro,hierarchical,51200.0,0.9954193473276789
pp,metro,hierarchical,102400.0,0.997936901880198
pp,metro,hierarchical,204800.0,0.9992004606382794
pp,metro,blind,100.0,0.02504954033930734
pp,metro,blind,200.0,0.048883157765396826
pp,metro,blind,400.0,0.0932403605894374
pp,metro,blind,800.0,0.17067811187283224
pp,metro,blind,1600.0,0.29188656015149284
pp,metro,blind,3200.0,0.45259278102657535
pp,metro,blind,6400.0,0.6245147052718439
pp,metro,blind,12800.0,0.7709392166123792
pp,metro,blind,25600.0,0.873318952225112
pp,metro,blind,51200.0,0.9354309663469151
pp,metro,blind,102400.0,0.9699222743910938
pp,metro,blind,204800.0,0.9881396687971474
pp,region,hierarchical,100.0,0.27716692696967704
pp,region,hierarchical,200.0,0.432837194158689
pp,region,hierarchical,400.0,0.6018515809835913
pp,region,hierarchical,800.0,0.7478648093900143
pp,region,hierarchical,1600.0,0.8511069333487532
pp,region,hierarchical,3200.0,0.9142098968164509
pp,region,hierarchical,6400.0,0.9494054126335573
pp,region,hierarchical,12800.0,0.9680393412673426
pp,region,hierarchical,25600.0,0.977633319383004
pp,region,hierarchical,51200.0,0.9825019760869933
pp,region,hierarchical,102400.0,0.9849545344246003
pp,region,hierarchical,204800.0,0.9861854109576449
pp,region,blind,100.0,0.02492583870668806
pp,region,blind,200.0,0.0484142810886095
pp,region,blind,400.0,0.09154920176337335
pp,region,blind,800.0,0.1650954810880954
pp,region,blind,1600.0,0.275930012648279
pp,region,blind,3200.0,0.41534955740192064
pp,region,blind,6400.0,0.5557524735520891
pp,region,blind,12800.0,0.6687898451855535
pp,region,blind,25600.0,0.7445041178691573
pp,region,blind,51200.0,0.7891757500450468
pp,region,blind,102400.0,0.81358402768697
pp,region,blind,204800.0,0.8263632493122826
dp,campus-stitch,hierarchical,100.0,0.8705543362782227
dp,campus-stitch,hierarchical,200.0,0.9310886807477275
dp,campus-stitch,hierarchical,400.0,0.9646265267031631
dp,campus-stitch,hierarchical,800.0,0.9823180922534916
dp,campus-stitch,hierarchical,1600.0,0.991409479075617
dp,campus-stitch,hierarchical,3200.0,0.9960185716845253
dp,campus-stitch,hierarchical,6400.0,0.9983392262910215
dp,campus-stitch,hierarchical,12800.0,0.9995036135479108
dp,campus-stitch,hierarchical,25600.0,1.0000868263105032
dp,campus-stitch,hierarchical,51200.0,1.0003786879958219
dp,campus-stitch,hierarchical,102400.0,1.0003786879958219
dp,campus-stitch,hierarchical,204800.0,1.0003786879958219
dp,campus-stitch,blind,100.0,0.1234841808751983
dp,campus-stitch,blind,200.0,0.2201924662522674
dp,campus-stitch,blind,400.0,0.3619096567273876
dp,campus-stitch,blind,800.0,0.5336349974311362
dp,campus-stitch,blind,1600.0,0.6996187905319377
dp,campus-stitch,blind,3200.0,0.8284628584319356
dp,campus-stitch,blind,6400.0,0.91248605571558
dp,campus-stitch,blind,12800.0,0.9612303325690662
dp,campus-stitch,blind,25600.0,0.9876089741704437
dp,campus-stitch,blind,51200.0,1.001348771736454
dp,campus-stitch,blind,102400.0,1.001348771736454
dp,campus-stitch,blind,204800.0,1.001348771736454
dp,metro,hierarchical,100.0,0.8704450655356794
dp,metro,hierarchical,200.0,0.9309636863836045
dp,metro,hierarchical,400.0,0.9644923662122364
dp,metro,hierarchical,800.0,0.9821789658957641
dp,metro,hierarchical,1600.0,0.9912677657484943
dp,metro,hierarchical,3200.0,0.9958755377304607
dp,metro,hierarchical,6400.0,0.998195525090062
dp,metro,hierarchical,12800.0,0.9993595769712611
dp,metro,hierarchical,25600.0,0.9999426216055604
dp,metro,hierarchical,51200.0,1.0002343991163207
dp,metro,hierarchical,102400.0,1.0002343991163207
dp,metro,hierarchical,204800.0,1.0002343991163207
dp,metro,blind,100.0,0.1232055610595705
dp,metro,blind,200.0,0.2193081094688803
dp,metro,blind,400.0,0.3595267788807421
dp,metro,blind,800.0,0.5284704134135545
dp,metro,blind,1600.0,0.6907683626327528
dp,metro,blind,3200.0,0.8160812572489361
dp,metro,blind,6400.0,0.8974883298524059
dp,metro,blind,12800.0,0.9446020756147997
dp,metro,blind,25600.0,0.9700638791018732
dp,metro,blind,51200.0,0.9833165563775264
dp,metro,blind,102400.0,0.9833165563775264
dp,metro,blind,204800.0,0.9833165563775264
dp,region,hierarchical,100.0,0.8611632535916086
dp,region,hierarchical,200.0,0.9203542172124194
dp,region,hierarchical,400.0,0.9531096069941756
dp,region,hierarchical,800.0,0.9703774651248573
dp,region,hierarchical,1600.0,0.9792481755055269
dp,region,hierarchical,3200.0,0.9837446286916798
dp,region,hierarchical,6400.0,0.9860083758264496
dp,region,hierarchical,12800.0,0.9871441608160072
dp,region,hierarchical,25600.0,0.9877130351109793
dp,region,hierarchical,51200.0,0.9879977182037264
dp,region,hierarchical,102400.0,0.9879977182037264
dp,region,hierarchical,204800.0,0.9879977182037264
dp,region,blind,100.0,0.1032089153067249
dp,region,blind,200.0,0.16306926071007063
dp,region,blind,400.0,0.22967372145650877
dp,region,blind,800.0,0.2886150963401345
dp,region,blind,1600.0,0.3311003930145319
dp,region,blind,3200.0,0.3574062044982893
dp,region,blind,6400.0,0.3721914451669705
dp,region,blind,12800.0,0.3800524830532035
dp,region,blind,25600.0,0.384108855526212
dp,region,blind,51200.0,0.38616968680255553
dp,region,blind,102400.0,0.38616968680255553
dp,region,blind,204800.0,0.38616968680255553
